web_name,element_type,team,now_cost,selected_by_percent,total_points,event_points,points_per_game,form,transfers_in_event,transfers_out_event,minutes,starts,starts_per_90,goals_scored,assists,expected_goals,expected_assists,expected_goals_per_90,expected_goal_involvements_per_90,clean_sheets,clean_sheets_per_90,goals_conceded,own_goals,defensive_contribution,bonus,bps,influence,creativity,threat,ict_index,id,defensive_contribution_per_90,expected_goals_conceded_per_90,expected_goals_conceded,expected_goal_involvements,F1,fdr_sum_next_5,goal_involvements,in_my_team,attacking_index,defensive_index,own_team_leakiness,base_defensive_power,opp1,opp2,opp3,opp4,opp5,opp_1_att_score,opp_1_def_score,opp_2_att_score,opp_2_def_score,opp_3_att_score,opp_3_def_score,opp_4_att_score,opp_4_def_score,opp_5_att_score,opp_5_def_score,5gw_attack_score,5gw_defense_score
Raya,GKP,ARS,6.1,42.3,30,1,6.0,6.0,127779,48503,450,5,1.0,0,0,0.0,0.01,0.0,0.0,3,0.6,4,0,0,3,104,104.6,0.2,0.0,10.6,1,0.0,0.81,4.03,0.01,LEE(H) (3),15,0,False,0.01726950698164098,1.5525802872649852,0.6657748777315857,2.3319898950752007,LEE,NFO,EVE,LIV,HUL,0.01336544145878772,2.943584155647874,0.010248455708992753,2.246739187751697,0.015880476817849577,2.2710851615467167,0.014897321889642797,2.482509807900196,0.01631490624340806,3.706510012771414,0.0707066021186809,13.650428325617899
Arrizabalaga,GKP,ARS,4.9,0.1,0,0,0.0,0.0,113,258,0,0,0.0,0,0,0.0,0.0,0.0,0.0,0,0.0,0,0,0,0,0,0.0,0.0,0.0,0.0,2,0.0,0.0,0.0,0.0,LEE(H) (3),15,0,False,0.0,0.0,0.6657748777315857,0.0,LEE,NFO,EVE,LIV,HUL,0.0,0.0,0.0,0.0,0.0,0.0,0.0,0.0,0.0,0.0,0.0,0.0
Meslier,GKP,ARS,4.9,0.0,0,0,0.0,0.0,47,124,0,0,0.0,0,0,0.0,0.0,0.0,0.0,0,0.0,0,0,0,0,0,0.0,0.0,0.0,0.0,3,0.0,0.0,0.0,0.0,LEE(H) (3),15,0,False,0.0,0.0,0.6657748777315857,0.0,LEE,NFO,EVE,LIV,HUL,0.0,0.0,0.0,0.0,0.0,0.0,0.0,0.0,0.0,0.0,0.0,0.0
Gabriel,DEF,ARS,8.0,22.7,25,1,5.0,4.0,25160,67216,450,5,1.0,0,0,0.51,0.2,0.1,0.14,3,0.6,4,0,41,2,90,94.8,22.0,84.0,20.0,4,8.2,0.81,4.03,0.71,LEE(H) (3),15,0,False,2.0604783773101865,3.038549522399713,0.6657748777315857,4.563929376176818,LEE,NFO,EVE,LIV,HUL,1.59467222534574,5.760878392990096,1.2227749994050006,4.397085511066054,1.8947488853816417,4.444732932364651,1.7774456251745268,4.858511378136743,1.9465820059670846,7.25399795518216,8.436223741273993,26.715206169739705
J.Timber,DEF,ARS,6.5,0.4,1,0,0.5,0.3,12849,4191,104,1,0.87,0,0,0.0,0.03,0.0,0.03,0,0.0,3,0,5,0,-3,10.2,4.2,0.0,1.5,5,4.33,1.89,2.18,0.03,LEE(H) (3),15,0,False,0.0719265598187242,0.3503538264668339,0.6657748777315857,0.526234675091004,LEE,NFO,EVE,LIV,HUL,0.055666338686514376,0.6642464682294151,0.04268426211507103,0.5069970796089638,0.06614132453249594,0.5124909694567938,0.06204653758635354,0.5602008589014331,0.06795069952494157,0.8364076089744031,0.2944891624453765,3.080342985171009
Saliba,DEF,ARS,5.9,0.2,0,0,0.0,0.0,398,1118,0,0,0.0,0,0,0.0,0.0,0.0,0.0,0,0.0,0,0,0,0,0,0.0,0.0,0.0,0.0,6,0.0,0.0,0.0,0.0,LEE(H) (3),15,0,False,0.0,0.0,0.6657748777315857,0.0,LEE,NFO,EVE,LIV,HUL,0.0,0.0,0.0,0.0,0.0,0.0,0.0,0.0,0.0,0.0,0.0,0.0
Lewis-Skelly,MID,ARS,5.4,0.6,9,0,2.2,1.0,936,4990,271,4,1.33,0,0,0.16,0.23,0.05,0.13,2,0.66,1,0,14,0,37,21.6,40.2,16.0,7.0,7,4.65,0.34,1.02,0.39,LEE(H) (3),15,0,False,0.9890398537819802,0.8776832686065202,0.6657748777315857,1.3182883553626181,LEE,NFO,EVE,LIV,HUL,0.7654505875694045,1.664026385198106,0.5869380722153157,1.2700956016168403,0.9094888746164783,1.283858531645704,0.8531827271698609,1.4033781959088563,0.9343690299092571,2.095313105425757,4.049429291480317,7.7166718197952635
Calafiori,DEF,ARS,5.8,50.5,29,1,5.8,3.0,77489,64433,416,5,1.08,0,2,0.67,0.62,0.14,0.27,3,0.65,4,0,18,2,76,71.6,52.7,66.0,19.1,8,3.89,0.81,3.76,1.29,LEE(H) (3),15,2,False,2.9301983089034658,1.7789984446859812,0.6657748777315857,2.6720720534655014,LEE,NFO,EVE,LIV,HUL,2.267777186802276,3.3728572220407878,1.738903584178008,2.57438894040469,2.6945150412059924,2.6022853718298258,2.5276985298206816,2.844542806190081,2.7682267209582085,4.247043197713845,11.997121062965167,15.641117538179229
Hincapie,DEF,ARS,5.2,0.9,2,0,1.0,0.3,1457,5771,32,0,0.0,0,0,0.0,0.0,0.0,0.0,0,0.0,0,0,3,0,6,6.4,1.0,2.0,1.0,9,8.44,0.79,0.28,0.0,LEE(H) (3),15,0,False,0.027536319301578946,0.21436834253817105,0.6657748777315857,0.32198322542382857,LEE,NFO,EVE,LIV,HUL,0.02131126638455827,0.4064274561152916,0.016341216286656173,0.3102124635643312,0.025321503432756142,0.31357396833978457,0.023753857752146775,0.3427658570828489,0.026014203426386377,0.5117663895106075,0.11274204728250375,1.8847461346128636
White,DEF,ARS,5.5,4.9,21,0,5.2,1.0,3257,67977,315,4,1.14,0,1,0.18,0.29,0.05,0.13,2,0.57,1,0,18,3,78,69.6,53.0,29.0,15.2,10,5.14,0.33,1.15,0.47,LEE(H) (3),15,1,False,1.327307568798199,1.7493123971283333,0.6657748777315857,2.6274833365424572,LEE,NFO,EVE,LIV,HUL,1.0272471372481817,3.3165745422004838,0.7876804384456507,2.5314302561264546,1.2205488609989943,2.558861181360481,1.144985095403521,2.7970760794615876,1.2539384340346018,4.176173025385519,5.4343999661309494,15.380115084534527
Mosquera,DEF,ARS,5.3,1.6,12,0,6.0,0.0,1215,9507,168,2,1.07,0,0,0.0,0.01,0.0,0.01,2,1.07,0,0,10,0,52,24.6,2.0,0.0,2.7,11,5.36,0.28,0.53,0.01,LEE(H) (3),15,0,False,0.02732852641854161,0.7630483528047284,0.6657748777315857,1.1461056557204004,LEE,NFO,EVE,LIV,HUL,0.021150448613863327,1.4466865641234676,0.01621790320303914,1.1042073962022212,0.02513042385732318,1.1161727388992113,0.023574607848355373,1.220081843932702,0.025817896640766752,1.8216425798382896,0.11189128016334778,6.708791122995892
Saka,MID,ARS,9.5,13.7,32,2,6.4,4.0,111578,48055,416,5,1.08,3,0,3.22,0.98,0.7,0.91,3,0.65,4,0,31,4,137,155.6,125.6,240.0,52.1,12,6.71,0.77,3.58,4.2,LEE(H) (3),15,3,True,9.291944040325218,3.5430954003065502,0.6657748777315857,5.3217619330703965,LEE,NFO,EVE,LIV,HUL,7.191342187204541,6.717462258047591,5.514232516825643,5.127213933544474,8.54456945887396,5.182773126506451,8.015578064644865,5.6652587655107025,8.778316369891828,8.458511733763363,38.04403859744083,31.15121981737258
Rice,MID,ARS,7.4,11.6,20,1,4.0,4.0,7606,84731,411,5,1.09,0,2,0.12,0.69,0.03,0.18,3,0.66,4,0,42,0,91,120.2,108.4,5.0,23.4,13,9.2,0.77,3.5,0.81,LEE(H) (3),15,2,False,1.9381075300779378,3.4553533231664075,0.6657748777315857,5.189972524856173,LEE,NFO,EVE,LIV,HUL,1.499965387641363,6.551109387170726,1.1501549640290716,5.0002423593576335,1.7822206351705474,5.054425670937954,1.6718839607294955,5.524962918105831,1.830975410964519,8.249043089771881,7.935200358534996,30.379783425344026
Eze,MID,ARS,6.2,1.0,4,1,1.0,0.7,2359,6862,85,0,0.0,0,0,0.04,0.09,0.04,0.14,0,0.0,0,0,5,0,18,3.0,5.9,9.0,1.6,14,5.29,1.41,1.33,0.13,LEE(H) (3),15,0,False,0.3314317472290119,0.24348405525930145,0.6657748777315857,0.36571529416804555,LEE,NFO,EVE,LIV,HUL,0.25650596857700025,0.4616288208043223,0.1966856138766188,0.35234581620731725,0.3047738527894892,0.3561638837671537,0.2859054070371702,0.3893206426788574,0.31311130583395724,0.581274988592432,1.3569821481142357,2.140734152050083
Ødegaard,MID,ARS,6.8,19.8,29,2,5.8,5.0,78134,89202,377,5,1.19,2,0,1.08,1.32,0.26,0.58,3,0.72,4,0,23,6,137,121.8,166.9,73.0,36.2,15,5.49,0.77,3.23,2.4,LEE(H) (3),15,2,False,5.332696665895959,2.723073222305773,0.6657748777315857,4.090081067017385,LEE,NFO,EVE,LIV,HUL,4.12714996330094,5.162757287076273,3.16464770233614,3.940559705578356,4.903774373490395,3.9832601506735092,4.600183366909772,4.354078199661378,5.037922983042809,6.5008542532547535,21.833678389080056,23.94150959624427
Madueke,MID,ARS,6.2,0.2,2,0,1.0,0.3,750,1581,23,0,0.0,0,0,0.0,0.05,0.0,0.2,0,0.0,0,0,3,0,11,11.6,43.9,0.0,5.6,16,11.74,0.59,0.15,0.05,LEE(H) (3),15,0,False,0.32608749815433663,0.29155206618805557,0.6657748777315857,0.4379138894237429,LEE,NFO,EVE,LIV,HUL,0.2523698778232406,0.5527624237000807,0.19351411048640266,0.4219050426877425,0.2998594551967022,0.4264768635600802,0.28129525813086376,0.4661793465769312,0.30806246902075585,0.6960288375642532,1.3351011706579652,2.563352514089088
Merino,MID,ARS,5.7,0.4,4,1,0.8,0.7,764,2919,81,0,0.0,0,0,0.14,0.15,0.16,0.33,0,0.0,0,0,10,0,19,10.0,4.2,16.0,3.0,17,11.11,1.07,0.96,0.29,LEE(H) (3),15,0,False,0.6314807172065269,0.5463402056338987,0.6657748777315857,0.8206080221821792,LEE,NFO,EVE,LIV,HUL,0.4887237700039502,1.035823001289252,0.37474736066606085,0.7906090009711049,0.5806891245464133,0.7991761484729965,0.5447388579957144,0.8735747388147014,0.5965745696560469,1.3042903218415147,2.5854736828681855,4.803473211389569
Martinelli,MID,ARS,6.3,0.1,0,0,0.0,0.0,0,578,0,0,0.0,0,0,0.0,0.0,0.0,0.0,0,0.0,0,0,0,0,0,0.0,0.0,0.0,0.0,18,0.0,0.0,0.0,0.0,LEE(H) (3),15,0,False,0.0,0.0,0.6657748777315857,0.0,LEE,NFO,EVE,LIV,HUL,0.0,0.0,0.0,0.0,0.0,0.0,0.0,0.0,0.0,0.0,0.0,0.0
Zubimendi,MID,ARS,5.3,0.6,5,1,1.0,1.0,511,3753,89,0,0.0,0,0,0.21,0.04,0.21,0.25,0,0.0,0,0,12,0,16,13.4,5.0,29.0,4.8,19,12.13,1.4,1.38,0.25,LEE(H) (3),15,0,False,0.6960171604902184,0.6763884800510319,0.6657748777315857,1.0159417284647456,LEE,NFO,EVE,LIV,HUL,0.538670653582244,1.2823854774353145,0.41304601512747435,0.9788018801600902,0.6400347383246558,0.9894083114961366,0.6004104049733962,1.0815163952875866,0.6575436536360229,1.6147575068396451,2.849705465643793,5.946869571218772
Dowman,MID,ARS,5.3,0.1,1,1,1.0,0.3,461,584,9,0,0.0,0,0,0.0,0.08,0.0,0.8,0,0.0,0,0,0,0,4,2.0,14.8,0.0,1.7,20,0.0,3.1,0.31,0.08,LEE(H) (3),15,0,False,0.21192219839039916,0.029686047557647904,0.6657748777315857,0.044588716923043996,LEE,NFO,EVE,LIV,HUL,0.16401358414085623,0.05628267984030353,0.12576359396161554,0.04295868427823513,0.1948767594989364,0.04342419046934449,0.18281200548103463,0.04746672672849323,0.2002078461945616,0.07087017232832532,0.8676737892770043,0.2610024536447017
Nwaneri,MID,ARS,5.4,0.0,0,0,0.0,0.0,0,52,0,0,0.0,0,0,0.0,0.0,0.0,0.0,0,0.0,0,0,0,0,0,0.0,0.0,0.0,0.0,22,0.0,0.0,0.0,0.0,LEE(H) (3),15,0,False,0.0,0.0,0.6657748777315857,0.0,LEE,NFO,EVE,LIV,HUL,0.0,0.0,0.0,0.0,0.0,0.0,0.0,0.0,0.0,0.0,0.0,0.0
Fábio Vieira,MID,ARS,5.5,0.0,0,0,0.0,0.0,0,40,0,0,0.0,0,0,0.0,0.0,0.0,0.0,0,0.0,0,0,0,0,0,0.0,0.0,0.0,0.0,23,0.0,0.0,0.0,0.0,LEE(H) (3),15,0,False,0.0,0.0,0.6657748777315857,0.0,LEE,NFO,EVE,LIV,HUL,0.0,0.0,0.0,0.0,0.0,0.0,0.0,0.0,0.0,0.0,0.0,0.0
Nelson,MID,ARS,5.5,0.0,0,0,0.0,0.0,0,24,0,0,0.0,0,0,0.0,0.0,0.0,0.0,0,0.0,0,0,0,0,0,0.0,0.0,0.0,0.0,24,0.0,0.0,0.0,0.0,LEE(H) (3),15,0,False,0.0,0.0,0.6657748777315857,0.0,LEE,NFO,EVE,LIV,HUL,0.0,0.0,0.0,0.0,0.0,0.0,0.0,0.0,0.0,0.0,0.0,0.0
Gyökeres,FWD,ARS,7.1,3.1,2,1,1.0,0.7,11999,17080,29,0,0.0,0,0,0.0,0.23,0.0,0.71,0,0.0,0,0,1,0,7,0.0,14.7,0.0,1.4,25,3.1,2.02,0.65,0.23,LEE(H) (3),15,0,False,0.4536409363070183,0.039790996784565914,0.6657748777315857,0.05976644375669591,LEE,NFO,EVE,LIV,HUL,0.3510876937000418,0.0754409602087734,0.26920971446787134,0.057581557957992906,0.4171534474209199,0.05820551961262739,0.3913276191190049,0.06362411051722351,0.42856517860578697,0.0949939460199888,1.857343653313625,0.34984609431660596
Havertz,FWD,ARS,7.6,8.3,19,2,3.8,3.7,50501,64610,437,5,1.03,2,0,1.67,0.37,0.34,0.42,3,0.62,4,0,13,2,82,89.4,71.3,165.0,32.6,26,2.68,0.81,3.91,2.04,LEE(H) (3),15,2,False,5.074972456526423,1.8442492840262181,0.6657748777315857,2.7700794152971135,LEE,NFO,EVE,LIV,HUL,3.9276886911000135,3.4965682715756223,3.0117032582552072,2.6688134406910184,4.666779574701841,2.697733068943855,4.37786083565203,2.948876121487553,4.794444908249448,4.402818001335996,20.778477267958536,16.214808904034044
G.Jesus,FWD,ARS,5.9,0.1,0,0,0.0,0.0,0,1034,0,0,0.0,0,0,0.0,0.0,0.0,0.0,0,0.0,0,0,0,0,0,0.0,0.0,0.0,0.0,27,0.0,0.0,0.0,0.0,LEE(H) (3),15,0,False,0.0,0.0,0.6657748777315857,0.0,LEE,NFO,EVE,LIV,HUL,0.0,0.0,0.0,0.0,0.0,0.0,0.0,0.0,0.0,0.0,0.0,0.0
Konsa,DEF,ARS,4.6,19.4,12,1,3.0,3.7,91590,46914,281,3,0.96,0,0,0.23,0.02,0.07,0.08,1,0.32,4,0,23,0,36,45.0,14.0,14.0,7.3,31,7.37,1.12,3.5,0.25,LEE(H) (3),15,0,True,0.5765628101842193,1.583128996092094,0.6657748777315857,2.377874337172496,LEE,NFO,EVE,LIV,HUL,0.44622098911239905,3.001502381208618,0.34215675235587384,2.2909462292941276,0.530188403809005,2.315771236650681,0.49736461973364154,2.5313558932872384,0.5446923413384895,3.779439635847062,2.3606231063494088,13.919015376287728
Bruno G.,MID,ARS,6.7,1.8,9,1,3.0,2.7,5751,7704,123,1,0.73,1,0,0.09,0.16,0.07,0.19,0,0.0,3,0,12,1,45,41.0,6.5,19.0,6.6,452,8.78,1.6,2.18,0.25,LEE(H) (3),15,1,False,0.6254976031322751,1.0860559363465732,0.6657748777315857,1.631266022002753,LEE,NFO,EVE,LIV,HUL,0.48409324054033126,2.0590864592315037,0.37119672776976526,1.5716317231997352,0.575187247483234,1.588662139973091,0.5395776002735724,1.7365572241407936,0.5909221821693164,2.592765884970535,2.560976998236219,9.548703431515658
Tzolis,MID,ARS,6.3,12.1,16,2,3.2,3.3,12285,140716,362,5,1.24,0,2,0.19,0.55,0.05,0.19,2,0.5,4,0,23,1,81,56.4,115.1,46.0,21.8,557,5.72,0.68,2.73,0.74,LEE(H) (3),15,2,False,2.294431341651726,1.752339467170687,0.6657748777315857,2.6320300236338467,LEE,NFO,EVE,LIV,HUL,1.7757361464142944,3.322313656298348,1.3616125814848334,2.5358107296800676,2.1098844205560208,2.5632891223259446,1.9792621924070015,2.80191623563965,2.167602830861352,4.183399618118517,9.394098171723503,15.406729362062528
M.Bizot,GKP,AVL,4.5,0.1,1,0,1.0,0.0,60,1023,90,1,1.0,0,0,0.0,0.0,0.0,0.0,0,0.0,4,0,0,0,1,28.2,0.0,0.0,2.8,29,0.0,3.77,3.77,0.0,BRE(H) (3),16,0,False,0.0,0.4185732705628354,1.3194564615628663,0.3172315894887845,BRE,NEW,MCI,FUL,MUN,0.0,0.2618086735602462,0.0,0.4424771019771332,0.0,0.2376106472360395,0.0,0.28678790144929794,0.0,0.22790443285319056,0.0,1.4565887570759073
Digne,DEF,AVL,4.5,0.0,0,0,0.0,0.0,0,233,0,0,0.0,0,0,0.0,0.0,0.0,0.0,0,0.0,0,0,0,0,0,0.0,0.0,0.0,0.0,30,0.0,0.0,0.0,0.0,BRE(H) (3),16,0,False,0.0,0.0,1.3194564615628663,0.0,BRE,NEW,MCI,FUL,MUN,0.0,0.0,0.0,0.0,0.0,0.0,0.0,0.0,0.0,0.0,0.0,0.0
Cash,DEF,AVL,4.4,4.8,6,-1,1.5,1.7,2704,25286,296,3,0.91,0,0,0.15,0.04,0.05,0.06,1,0.3,7,0,17,0,16,36.4,22.3,13.0,7.2,32,5.17,1.81,5.95,0.19,BRE(H) (3),16,0,False,0.5356195848226832,1.2167330108868124,1.3194564615628663,0.9221471464436346,BRE,NEW,MCI,FUL,MUN,0.5387968334218202,0.7610406064125891,0.5673996401972544,1.286218051652413,0.4544688898325836,0.6907003828541655,0.659154094880781,0.8336516718975057,0.41450529042620915,0.6624857970673652,2.6343247487586483,4.234096509884038
Mings,DEF,AVL,4.5,0.4,10,3,2.5,3.0,1730,1418,261,2,0.69,0,0,0.2,0.02,0.07,0.08,1,0.34,4,0,24,0,43,59.8,5.6,17.0,8.2,33,8.28,1.53,4.43,0.22,BRE(H) (3),16,0,False,0.5217966183412974,1.842596744803254,1.3194564615628663,1.3964816562577138,BRE,NEW,MCI,FUL,MUN,0.5248918703104877,1.1525050536903534,0.5527565120700529,1.9478235355466897,0.4427402144648445,1.0459831908019457,0.6421430198234312,1.2624658353097233,0.4038079729675591,1.0032555722845202,2.566339589636375,6.412033187633233
Pau,DEF,AVL,4.4,0.3,3,0,1.0,0.3,44,3166,187,3,1.44,0,0,0.0,0.01,0.0,0.0,0,0.0,5,0,9,0,-4,11.2,1.9,2.0,1.5,34,4.33,2.31,4.79,0.01,BRE(H) (3),16,0,False,0.048717667175347944,0.5243608373839215,1.3194564615628663,0.3974066993941035,BRE,NEW,MCI,FUL,MUN,0.04900665612230241,0.3279765454631817,0.05160824512362262,0.5543059722947846,0.04133654695196282,0.29766286267751896,0.05995383798801986,0.35926886576709066,0.03770162883063756,0.28550356092665735,0.2396069150165453,1.8247178071292334
Bogarde,MID,AVL,4.9,0.1,1,0,1.0,0.0,174,444,16,0,0.0,0,0,0.0,0.0,0.0,0.0,0,0.0,0,0,1,0,3,2.2,0.5,0.0,0.3,35,5.62,1.24,0.22,0.0,BRE(H) (3),16,0,False,0.0027941720658057312,0.07244564909797861,1.3194564615628663,0.054905676093448645,BRE,NEW,MCI,FUL,MUN,0.002810746850472666,0.04531321187817117,0.0029599593997524224,0.07658286641338169,0.0023708324204917484,0.04112507601944828,0.003438615784721657,0.04963655621393191,0.0021623539102309467,0.03944514791437816,0.01374250836566944,0.2521028584393112
Maatsen,DEF,AVL,4.4,0.5,9,0,2.2,2.7,50,6216,335,4,1.07,0,0,0.28,0.45,0.08,0.2,1,0.27,7,0,24,1,22,34.8,24.5,43.0,10.2,36,6.45,1.76,6.54,0.73,BRE(H) (3),16,0,False,1.7159252106965999,1.4715211503326553,1.3194564615628663,1.1152479776329047,BRE,NEW,MCI,FUL,MUN,1.7261039291871016,0.9204051657823336,1.8177366450798547,1.5555566011697983,1.455948676333764,0.8353354538905632,2.111683667269687,1.008221241826303,1.3279202216717125,0.8012126353579327,8.43939313954212,5.120731098026931
Lindelöf,DEF,AVL,4.5,0.3,8,1,1.6,2.7,1052,1302,450,5,1.0,0,0,0.44,0.17,0.09,0.12,1,0.2,9,1,22,0,28,74.4,37.3,37.0,14.9,37,4.4,1.84,9.22,0.61,BRE(H) (3),16,0,False,1.4866729624815307,1.979722898404952,1.3194564615628663,1.5004078998256714,BRE,NEW,MCI,FUL,MUN,1.4954917766572353,1.238274544744106,1.5748821139209461,2.092780672846364,1.2614299961170616,1.1238253188157,1.8295570190784824,1.3564186139292589,1.15050648920204,1.0779179085199704,7.311867394975765,6.889217058855399
A.García,DEF,AVL,4.0,1.5,0,0,0.0,0.0,1858,6109,0,0,0.0,0,0,0.0,0.0,0.0,0.0,0,0.0,0,0,0,0,0,0.0,0.0,0.0,0.0,38,0.0,0.0,0.0,0.0,BRE(H) (3),16,0,False,0.0,0.0,1.3194564615628663,0.0,BRE,NEW,MCI,FUL,MUN,0.0,0.0,0.0,0.0,0.0,0.0,0.0,0.0,0.0,0.0,0.0,0.0
Nedeljkovic,DEF,AVL,4.0,0.1,0,0,0.0,0.0,0,565,0,0,0.0,0,0,0.0,0.0,0.0,0.0,0,0.0,0,0,0,0,0,0.0,0.0,0.0,0.0,39,0.0,0.0,0.0,0.0,BRE(H) (3),16,0,False,0.0,0.0,1.3194564615628663,0.0,BRE,NEW,MCI,FUL,MUN,0.0,0.0,0.0,0.0,0.0,0.0,0.0,0.0,0.0,0.0,0.0,0.0
Buendía,MID,AVL,5.9,1.0,21,12,4.2,5.7,12324,4222,401,5,1.12,1,0,0.92,0.24,0.21,0.26,1,0.22,8,0,34,3,73,66.0,80.5,59.0,19.6,41,7.63,1.76,7.86,1.16,BRE(H) (3),16,1,False,2.7345170452014087,2.332533460077622,1.3194564615628663,1.7677987323013211,BRE,NEW,MCI,FUL,MUN,2.7507379614960557,1.4589500433141966,2.8967648523796674,2.4657394971543116,2.3202156175308155,1.3241045812684349,3.365202018261728,1.598148814367521,2.11618808220365,1.2700159152906987,13.449108531871916,8.116958851395163
Bailey,MID,AVL,5.4,0.1,0,0,0.0,0.0,0,497,0,0,0.0,0,0,0.0,0.0,0.0,0.0,0,0.0,0,0,0,0,0,0.0,0.0,0.0,0.0,44,0.0,0.0,0.0,0.0,BRE(H) (3),16,0,False,0.0,0.0,1.3194564615628663,0.0,BRE,NEW,MCI,FUL,MUN,0.0,0.0,0.0,0.0,0.0,0.0,0.0,0.0,0.0,0.0,0.0,0.0
McGinn,MID,AVL,5.4,2.2,17,6,3.4,5.0,6902,8611,434,5,1.04,0,2,0.77,0.24,0.16,0.21,2,0.41,7,0,30,1,65,52.4,84.9,15.0,14.8,45,6.22,1.72,8.29,1.01,BRE(H) (3),16,2,False,2.07251998617953,1.9715043495473525,1.3194564615628663,1.4941791616315632,BRE,NEW,MCI,FUL,MUN,2.084813993735195,1.2331340173231722,2.195489350616597,2.0840927801004216,1.7585164619898408,1.1191599117036564,2.550522935162551,1.3507876275629767,1.6038817905993188,1.0734430797432812,10.193224532103502,6.860617416433508
Barkley,MID,AVL,5.0,0.3,10,1,2.0,2.0,567,1769,308,4,1.17,0,0,0.38,0.14,0.11,0.15,1,0.29,8,0,28,0,66,42.4,82.3,31.0,15.6,46,8.18,2.15,7.36,0.52,BRE(H) (3),16,0,False,1.542356880643514,1.7434921181899812,1.3194564615628663,1.3213714654327087,BRE,NEW,MCI,FUL,MUN,1.5515060069586322,1.0905172186754335,1.6338699404029486,1.8430592539732347,1.3086773507427942,0.9897246665966101,1.8980837938931647,1.1945637261948268,1.1935991604258587,0.9492951660429693,7.585736252423398,6.067160031483074
Kamara,MID,AVL,5.0,0.3,15,6,3.0,3.7,1322,1580,443,5,1.02,0,1,0.12,0.16,0.02,0.05,2,0.41,7,0,36,0,85,68.0,68.8,6.0,14.3,47,7.31,1.71,8.44,0.28,BRE(H) (3),16,1,False,0.8717356678192174,2.4418015012044014,1.3194564615628663,1.8506116513402366,BRE,NEW,MCI,FUL,MUN,0.8769067276681832,1.527294877831369,0.9234585856890987,2.581247604280893,0.7396606703849707,1.3861325505638387,1.072791494894447,1.6730144458209766,0.6746188085783146,1.3295100891745024,4.287436287215014,8.49719956767158
Onana,MID,AVL,4.9,0.0,0,0,0.0,0.0,40,95,0,0,0.0,0,0,0.0,0.0,0.0,0.0,0,0.0,0,0,0,0,0,0.0,0.0,0.0,0.0,48,0.0,0.0,0.0,0.0,BRE(H) (3),16,0,False,0.0,0.0,1.3194564615628663,0.0,BRE,NEW,MCI,FUL,MUN,0.0,0.0,0.0,0.0,0.0,0.0,0.0,0.0,0.0,0.0,0.0,0.0
Iling Jr,MID,AVL,5.0,0.0,0,0,0.0,0.0,0,11,0,0,0.0,0,0,0.0,0.0,0.0,0.0,0,0.0,0,0,0,0,0,0.0,0.0,0.0,0.0,49,0.0,0.0,0.0,0.0,BRE(H) (3),16,0,False,0.0,0.0,1.3194564615628663,0.0,BRE,NEW,MCI,FUL,MUN,0.0,0.0,0.0,0.0,0.0,0.0,0.0,0.0,0.0,0.0,0.0,0.0
Burrowes,MID,AVL,4.5,0.6,0,0,0.0,0.0,637,3409,0,0,0.0,0,0,0.0,0.0,0.0,0.0,0,0.0,0,0,0,0,0,0.0,0.0,0.0,0.0,50,0.0,0.0,0.0,0.0,BRE(H) (3),16,0,False,0.0,0.0,1.3194564615628663,0.0,BRE,NEW,MCI,FUL,MUN,0.0,0.0,0.0,0.0,0.0,0.0,0.0,0.0,0.0,0.0,0.0,0.0
George Hemmings,MID,AVL,4.5,1.2,9,1,1.8,1.7,3208,9687,297,4,1.21,0,0,0.07,0.16,0.02,0.07,1,0.3,7,0,19,0,34,25.2,42.1,25.0,9.1,51,5.76,1.9,6.26,0.23,BRE(H) (3),16,0,False,0.8631225371326544,1.130073138133116,1.3194564615628663,0.856468683168651,BRE,NEW,MCI,FUL,MUN,0.8682425046426104,0.706836700114327,0.9143344098915582,1.194609217427996,0.7323524985928562,0.6415063470603592,1.0621918444659237,0.7742761579917152,0.667953278904125,0.6153013002539309,4.245074536497073,3.9325297228483285
Alysson,MID,AVL,5.0,0.0,8,0,2.0,2.3,68,790,87,0,0.0,1,0,0.06,0.0,0.06,0.06,0,0.0,2,0,8,0,34,39.8,4.9,25.0,7.0,52,8.28,2.48,2.4,0.06,BRE(H) (3),16,1,False,0.3832247036541634,0.9090803206737206,1.3194564615628663,0.6889809153664195,BRE,NEW,MCI,FUL,MUN,0.3854979591275288,0.5686103954876908,0.40596267412450154,0.9609959690337327,0.3251630645354115,0.516055798532894,0.4716110833713076,0.6228616487247324,0.296569938045215,0.49497531130583483,1.8848047192039645,3.1634991230848852
Manzambi,MID,AVL,5.9,0.4,14,13,7.0,4.7,28266,3309,98,1,0.92,1,1,0.44,0.24,0.4,0.62,1,0.92,1,0,9,2,48,65.8,29.8,60.0,15.6,53,8.27,1.41,1.54,0.68,BRE(H) (3),16,2,False,1.8102249630363016,1.3347899357077093,1.3194564615628663,1.0116210535106864,BRE,NEW,MCI,FUL,MUN,1.8209630594220676,0.8348827006542968,1.9176315090175688,1.411016956973915,1.5359612542373509,0.7577175200919786,2.2277325752302413,0.9145390579348804,1.400896915090471,0.7267653351743243,8.9031853129977,4.644921570829395
Gomes,MID,AVL,5.5,0.0,2,4,1.0,1.3,466,197,129,2,1.4,0,0,0.0,0.03,0.0,0.02,0,0.0,6,0,20,0,11,23.6,24.8,0.0,4.8,54,13.95,2.89,4.14,0.03,BRE(H) (3),16,0,False,0.1870464489299203,1.1461152968715638,1.3194564615628663,0.8686268401111289,BRE,NEW,MCI,FUL,MUN,0.18815599212937759,0.7168707290304793,0.1981445242674337,1.2115675098160907,0.15870740055266913,0.6506129670692776,0.2301865656870665,0.7852675359961675,0.14475150803635117,0.624035921755468,0.9199459906728981,3.9883546636674834
Watkins,FWD,AVL,7.8,2.5,0,0,0.0,0.0,0,12865,0,0,0.0,0,0,0.0,0.0,0.0,0.0,0,0.0,0,0,0,0,0,0.0,0.0,0.0,0.0,55,0.0,0.0,0.0,0.0,BRE(H) (3),16,0,False,0.0,0.0,1.3194564615628663,0.0,BRE,NEW,MCI,FUL,MUN,0.0,0.0,0.0,0.0,0.0,0.0,0.0,0.0,0.0,0.0,0.0,0.0
Abraham,FWD,AVL,5.5,0.2,4,1,1.0,1.0,1710,1736,71,0,0.0,0,0,0.0,0.0,0.0,0.0,0,0.0,3,0,2,0,13,3.2,6.2,2.0,1.1,56,2.54,3.41,2.69,0.0,BRE(H) (3),16,0,False,0.05659570878595854,0.12707966966136847,1.3194564615628663,0.09631213561290644,BRE,NEW,MCI,FUL,MUN,0.056931429587722876,0.07948562913675737,0.05995371661492227,0.13433691997667258,0.048021001602765706,0.07213906066715019,0.06964885948166866,0.08706937194065964,0.04379828776232496,0.06919223485628011,0.2783532950494045,0.44222321657751995
Garnacho,MID,AVL,5.8,0.3,3,0,1.0,0.3,538,2779,31,0,0.0,0,0,0.0,0.0,0.0,0.0,0,0.0,0,0,2,0,9,1.2,3.6,0.0,0.5,160,5.81,1.42,0.49,0.0,BRE(H) (3),16,0,False,0.020118038873801262,0.09739362210372057,1.3194564615628663,0.07381344132292174,BRE,NEW,MCI,FUL,MUN,0.02023737732340319,0.06091763810411581,0.021311707678217436,0.1029555652265213,0.017069993427540585,0.0552872417142396,0.024758033649995927,0.06672980446198604,0.015568948153662814,0.05302879990215313,0.09894606023281996,0.33891904940901585
N.Jackson,FWD,AVL,6.5,1.5,10,6,2.5,2.7,36628,8156,286,4,1.26,1,0,0.68,0.6,0.21,0.4,1,0.31,2,0,9,1,52,42.8,36.8,76.0,15.4,166,2.83,0.87,2.75,1.28,BRE(H) (3),16,1,False,2.9323618580474893,0.9934003887947583,1.3194564615628663,0.7528860691758621,BRE,NEW,MCI,FUL,MUN,2.949756372493275,0.6213508037789186,3.106348442682703,1.0501313773471752,2.4880853426138883,0.5639216021335065,3.608677466571909,0.6806340319301338,2.2692962282308944,0.5408858332018639,14.42216385259267,3.4569236483915975
Madjo,FWD,AVL,5.4,0.2,0,0,0.0,0.0,207,1786,0,0,0.0,0,0,0.0,0.0,0.0,0.0,0,0.0,0,0,0,0,0,0.0,0.0,0.0,0.0,582,0.0,0.0,0.0,0.0,BRE(H) (3),16,0,False,0.0,0.0,1.3194564615628663,0.0,BRE,NEW,MCI,FUL,MUN,0.0,0.0,0.0,0.0,0.0,0.0,0.0,0.0,0.0,0.0,0.0,0.0
Ruggeri,DEF,AVL,4.5,0.1,5,3,1.7,1.3,534,339,113,1,0.8,0,0,0.03,0.02,0.02,0.04,0,0.0,2,0,16,0,17,26.0,14.1,1.0,4.1,596,12.74,1.63,2.05,0.05,BRE(H) (3),16,0,False,0.16281938004367957,1.0225745668024775,1.3194564615628663,0.7749968237612487,BRE,NEW,MCI,FUL,MUN,0.16378521038636093,0.6395986313005875,0.17247998443616921,1.0809716307634112,0.13815092836117454,0.5804828491277838,0.2003718014106426,0.700622889021012,0.126002663689684,0.5567705658410664,0.8007905882840314,3.5584465660538607
Suzuki,GKP,AVL,5.0,1.9,16,2,4.0,4.7,13633,6582,360,4,1.0,0,0,0.0,0.01,0.0,0.0,1,0.25,5,0,0,3,80,115.6,0.0,0.0,11.6,597,0.0,1.36,5.45,0.01,BRE(H) (3),16,0,False,0.016151838155318687,1.7158535488320485,1.3194564615628663,1.3004245299611166,BRE,NEW,MCI,FUL,MUN,0.016247649448644458,1.073229881686683,0.017110179346571188,1.8138423045587446,0.013704704165426143,0.9740351354782328,0.019877074254957446,1.1756270002673348,0.012499584696298744,0.9342465403485399,0.079439191911898,5.970980862339536
Rowe,DEF,AVL,4.0,0.2,0,0,0.0,0.0,318,908,0,0,0.0,0,0,0.0,0.0,0.0,0.0,0,0.0,0,0,0,0,0,0.0,0.0,0.0,0.0,606,0.0,0.0,0.0,0.0,BRE(H) (3),16,0,False,0.0,0.0,1.3194564615628663,0.0,BRE,NEW,MCI,FUL,MUN,0.0,0.0,0.0,0.0,0.0,0.0,0.0,0.0,0.0,0.0,0.0,0.0
Lynch,MID,AVL,4.5,0.1,0,0,0.0,0.0,0,709,0,0,0.0,0,0,0.0,0.0,0.0,0.0,0,0.0,0,0,0,0,0,0.0,0.0,0.0,0.0,607,0.0,0.0,0.0,0.0,BRE(H) (3),16,0,False,0.0,0.0,1.3194564615628663,0.0,BRE,NEW,MCI,FUL,MUN,0.0,0.0,0.0,0.0,0.0,0.0,0.0,0.0,0.0,0.0,0.0,0.0
Wan-Bissaka,DEF,AVL,4.5,0.2,6,1,1.5,1.7,1452,1436,152,2,1.18,0,0,0.0,0.07,0.0,0.04,0,0.0,2,0,21,0,24,42.8,16.4,0.0,5.9,611,12.43,1.94,3.27,0.07,BRE(H) (3),16,0,False,0.2047117108456588,1.4708923502095494,1.3194564615628663,1.1147714176694477,BRE,NEW,MCI,FUL,MUN,0.20592604283601465,0.920011864686104,0.2168579237378778,1.5548918916057584,0.17369623255011235,0.834978504188466,0.2519261175235725,1.007790415778825,0.15842230112966627,0.8008702667799256,1.0068286177772436,5.118542943039079
Goretzka,MID,AVL,5.9,0.0,0,0,0.0,0.0,23,418,0,0,0.0,0,0,0.0,0.0,0.0,0.0,0,0.0,0,0,0,0,0,0.0,0.0,0.0,0.0,618,0.0,0.0,0.0,0.0,BRE(H) (3),16,0,False,0.0,0.0,1.3194564615628663,0.0,BRE,NEW,MCI,FUL,MUN,0.0,0.0,0.0,0.0,0.0,0.0,0.0,0.0,0.0,0.0,0.0,0.0
Harwood-Bellis,DEF,AVL,4.5,0.0,0,0,0.0,0.0,193,188,0,0,0.0,0,0,0.0,0.0,0.0,0.0,0,0.0,0,0,0,0,0,0.0,0.0,0.0,0.0,630,0.0,0.0,0.0,0.0,BRE(H) (3),16,0,False,0.0,0.0,1.3194564615628663,0.0,BRE,NEW,MCI,FUL,MUN,0.0,0.0,0.0,0.0,0.0,0.0,0.0,0.0,0.0,0.0,0.0,0.0
Mbaye,MID,AVL,6.0,0.1,2,1,1.0,0.7,915,1126,33,0,0.0,0,0,0.02,0.13,0.05,0.4,0,0.0,3,0,2,0,8,9.0,15.2,19.0,4.3,631,5.45,4.47,1.64,0.15,BRE(H) (3),16,0,False,0.5305865335292195,0.2131692075785474,1.3194564615628663,0.16155834905386215,BRE,NEW,MCI,FUL,MUN,0.5337339265076423,0.13333280313141796,0.5620679615695003,0.22534284875211136,0.450198386477916,0.12100933563059096,0.6529602280696376,0.14605411762881315,0.41061031263368153,0.11606619622324842,2.609570815258378,0.741805301366182
Wright,GKP,AVL,4.0,0.1,0,0,0.0,0.0,7235,857,0,0,0.0,0,0,0.0,0.0,0.0,0.0,0,0.0,0,0,0,0,0,0.0,0.0,0.0,0.0,667,0.0,0.0,0.0,0.0,BRE(H) (3),16,0,False,0.0,0.0,1.3194564615628663,0.0,BRE,NEW,MCI,FUL,MUN,0.0,0.0,0.0,0.0,0.0,0.0,0.0,0.0,0.0,0.0,0.0,0.0
Petrović,GKP,BOU,4.5,3.0,9,2,1.8,1.3,6284,11829,450,5,1.0,0,0,0.0,0.0,0.0,0.0,0,0.0,8,0,0,0,45,92.2,0.0,0.0,9.2,57,0.0,1.39,6.95,0.0,CHE(A) (4),16,0,False,0.0,1.3685267924075684,0.9622915483846579,1.422154018399968,CHE,SUN,MUN,LEE,IPS,0.0,1.195054792680198,0.0,1.1937093691256795,0.0,1.0216990228357743,0.0,1.7951321505696771,0.0,1.6688476337806883,0.0,6.8744429689920175
Forster,GKP,BOU,4.0,3.5,0,0,0.0,0.0,8218,7362,0,0,0.0,0,0,0.0,0.0,0.0,0.0,0,0.0,0,0,0,0,0,0.0,0.0,0.0,0.0,58,0.0,0.0,0.0,0.0,CHE(A) (4),16,0,False,0.0,0.0,0.9622915483846579,0.0,CHE,SUN,MUN,LEE,IPS,0.0,0.0,0.0,0.0,0.0,0.0,0.0,0.0,0.0,0.0,0.0,0.0
Dennis,GKP,BOU,4.0,0.1,0,0,0.0,0.0,0,559,0,0,0.0,0,0,0.0,0.0,0.0,0.0,0,0.0,0,0,0,0,0,0.0,0.0,0.0,0.0,59,0.0,0.0,0.0,0.0,CHE(A) (4),16,0,False,0.0,0.0,0.9622915483846579,0.0,CHE,SUN,MUN,LEE,IPS,0.0,0.0,0.0,0.0,0.0,0.0,0.0,0.0,0.0,0.0,0.0,0.0
Hill,DEF,BOU,5.5,0.8,12,4,2.4,2.3,3196,3132,450,5,1.0,0,0,0.0,0.79,0.0,0.16,0,0.0,8,0,50,0,43,119.6,69.3,6.0,19.5,60,10.0,1.39,6.95,0.79,CHE(A) (4),16,0,False,1.729111388100753,3.76477548317564,0.9622915483846579,3.9123023469294176,CHE,SUN,MUN,LEE,IPS,2.0337149487717907,3.2875593006249684,1.7891899195099543,3.2838580814448695,1.3381247407919936,2.8106628629387433,1.3382163751375258,4.93835381741826,2.11015601436707,4.59094896181038,8.609401998578335,18.91138302423722
Truffert,DEF,BOU,5.4,3.0,10,2,2.0,1.7,4623,12248,450,5,1.0,0,0,0.11,0.29,0.02,0.08,0,0.0,8,0,45,2,53,104.6,70.5,39.0,21.5,61,9.0,1.39,6.95,0.4,CHE(A) (4),16,0,False,1.4397693178691175,3.3431751425704515,0.9622915483846579,3.474181133755609,CHE,SUN,MUN,LEE,IPS,1.6934018274841027,2.9194002624307167,1.4897945659710425,2.916113526205566,1.1142086961731459,2.495909320360479,1.114284996821021,4.385329696655481,1.757051573606121,4.076829154493839,7.168741660055433,16.79358196014608
Diakité,DEF,BOU,4.9,0.2,0,0,0.0,0.0,475,969,0,0,0.0,0,0,0.0,0.0,0.0,0.0,0,0.0,0,0,0,0,0,0.0,0.0,0.0,0.0,62,0.0,0.0,0.0,0.0,CHE(A) (4),16,0,False,0.0,0.0,0.9622915483846579,0.0,CHE,SUN,MUN,LEE,IPS,0.0,0.0,0.0,0.0,0.0,0.0,0.0,0.0,0.0,0.0,0.0,0.0
Milosavljević,DEF,BOU,4.9,0.0,0,0,0.0,0.0,32,46,0,0,0.0,0,0,0.0,0.0,0.0,0.0,0,0.0,0,0,0,0,0,0.0,0.0,0.0,0.0,63,0.0,0.0,0.0,0.0,CHE(A) (4),16,0,False,0.0,0.0,0.9622915483846579,0.0,CHE,SUN,MUN,LEE,IPS,0.0,0.0,0.0,0.0,0.0,0.0,0.0,0.0,0.0,0.0,0.0,0.0
Smith,DEF,BOU,4.5,0.1,4,2,0.8,0.7,401,483,434,5,1.04,0,0,0.01,0.09,0.0,0.02,0,0.0,8,0,21,0,14,43.6,44.4,4.0,9.1,64,4.35,1.39,6.7,0.1,CHE(A) (4),16,0,False,0.4509669944787977,1.4827667692326085,0.9622915483846579,1.540870614234991,CHE,SUN,MUN,LEE,IPS,0.5304102005143789,1.294813915101369,0.46663598777139687,1.2933561801499958,0.3489943428430669,1.1069869933296426,0.3490182418617653,1.9449836963462757,0.5503466822491525,1.8081573762463297,2.2454054552397604,7.4482981611736125
J.Araujo,DEF,BOU,4.4,0.0,0,0,0.0,0.0,37,54,0,0,0.0,0,0,0.0,0.0,0.0,0.0,0,0.0,0,0,0,0,0,0.0,0.0,0.0,0.0,65,0.0,0.0,0.0,0.0,CHE(A) (4),16,0,False,0.0,0.0,0.9622915483846579,0.0,CHE,SUN,MUN,LEE,IPS,0.0,0.0,0.0,0.0,0.0,0.0,0.0,0.0,0.0,0.0,0.0,0.0
Soler,DEF,BOU,4.0,0.3,0,0,0.0,0.0,741,1125,0,0,0.0,0,0,0.0,0.0,0.0,0.0,0,0.0,0,0,0,0,0,0.0,0.0,0.0,0.0,66,0.0,0.0,0.0,0.0,CHE(A) (4),16,0,False,0.0,0.0,0.9622915483846579,0.0,CHE,SUN,MUN,LEE,IPS,0.0,0.0,0.0,0.0,0.0,0.0,0.0,0.0,0.0,0.0,0.0,0.0
Rayan,MID,BOU,6.3,1.6,10,2,2.0,2.0,4056,9808,434,5,1.04,0,0,0.87,0.43,0.18,0.27,0,0.0,7,0,15,0,45,30.4,50.4,99.0,18.0,67,3.11,1.32,6.35,1.3,CHE(A) (4),16,0,False,3.2442422087030804,1.0480928746447369,0.9622915483846579,1.0891635455014737,CHE,SUN,MUN,LEE,IPS,3.8157541050741255,0.9152385031605114,3.3569644478693568,0.914208104012542,2.5106541975619088,0.7824731468952886,2.510826126341968,1.3748106551482349,3.959176520303742,1.278095046101485,16.153375397151102,5.2648254553180625
Tavernier,MID,BOU,6.1,6.8,31,2,6.2,6.7,83460,44479,424,5,1.06,3,0,1.7,0.92,0.36,0.56,0,0.0,8,0,42,8,153,161.8,146.1,147.0,45.5,68,8.92,1.39,6.54,2.62,CHE(A) (4),16,3,True,6.224545983476119,4.072823112365484,0.9622915483846579,4.232421160928091,CHE,SUN,MUN,LEE,IPS,7.3210738781943485,3.556559365278039,6.4408198360166695,3.552555298876735,4.817051716856482,3.0406415257433284,4.817381586985935,5.34242789629882,7.596250440617176,4.966597111278336,30.99257745867061,20.458781197475258
Scott,MID,BOU,6.1,5.8,30,2,6.0,5.3,24191,38772,446,5,1.01,1,2,0.64,0.42,0.13,0.21,1,0.2,7,0,60,5,129,102.8,146.4,56.0,30.5,69,12.11,1.38,6.82,1.06,CHE(A) (4),16,3,False,2.9803034511869115,3.913322651537057,0.9622915483846579,4.066670499295272,CHE,SUN,MUN,LEE,IPS,3.505319392530547,3.4172768965640876,3.0838550533180813,3.413429637963804,2.3063972688777374,2.921563502664532,2.3065552102099827,5.133206997700207,3.6370735254185664,4.772094549752177,14.839200450354914,19.657571584644806
Kluivert,MID,BOU,6.0,0.9,15,0,3.8,3.0,2300,18190,294,4,1.22,1,0,0.99,0.08,0.3,0.32,2,0.61,3,0,22,1,64,62.2,46.5,120.0,22.5,70,6.73,1.37,4.48,1.07,CHE(A) (4),16,1,False,3.0505713260076472,1.7986380083032998,0.9622915483846579,1.8691196148636735,CHE,SUN,MUN,LEE,IPS,3.587965790226372,1.570645882890014,3.156564408053603,1.5688776091844139,2.3607761726473666,1.3428065169888754,2.3609378378291948,2.359320207580035,3.72282634602351,2.1933460132733984,15.189070554780045,9.034996229916736
Cook,MID,BOU,5.0,0.2,8,1,1.6,0.7,269,1153,180,2,1.0,0,0,0.0,0.01,0.0,0.0,2,1.0,1,0,14,0,25,11.8,15.8,0.0,2.8,71,7.0,2.1,4.2,0.01,CHE(A) (4),16,0,False,0.1044476754347798,0.7322216355740455,0.9622915483846579,0.7609145448727912,CHE,SUN,MUN,LEE,IPS,0.12284737718921242,0.6394065353718662,0.10807674351703851,0.6386866749781239,0.08082996825959667,0.5466536232360557,0.080835503469443,0.9604741439144757,0.127464830792334,0.8929064090744164,0.5200544232276246,3.6781273865749378
Gannon-Doak,MID,BOU,4.9,0.1,4,1,1.0,1.0,142,382,12,0,0.0,0,0,0.12,0.05,0.9,1.28,0,0.0,1,0,7,0,15,4.0,2.9,16.0,2.3,72,52.5,4.5,0.6,0.17,CHE(A) (4),16,0,False,0.43553344568735386,0.3379090726072572,0.9622915483846579,0.3511504108858539,CHE,SUN,MUN,LEE,IPS,0.5122578483259905,0.2950763251035862,0.45066619536244923,0.2947441205548017,0.3370506279278957,0.2522722764402841,0.3370737090448947,0.4432441100691425,0.5315120391894799,0.4120626350775194,2.16856041985071,1.6973994672453339
Adams,MID,BOU,5.0,0.3,12,4,2.4,3.3,1111,1656,279,3,0.97,0,0,0.03,0.07,0.01,0.03,0,0.0,7,0,41,0,52,45.8,32.2,7.0,8.5,73,13.23,0.88,2.74,0.1,CHE(A) (4),16,0,False,0.41057152511234296,2.3112413572373396,0.9622915483846579,2.4018098892348,CHE,SUN,MUN,LEE,IPS,0.48289858820382203,2.0182725514259308,0.42483696482717775,2.016000328054451,0.31773309654792165,1.7255000408671277,0.3177548548066763,3.0317153388016487,0.501049255129415,2.8184392819493254,2.044272759515013,11.609927541098484
Brooks,MID,BOU,5.0,0.1,3,1,0.8,0.7,177,325,45,0,0.0,0,0,0.0,0.07,0.0,0.14,0,0.0,2,0,5,0,8,9.2,23.6,2.0,3.5,74,10.0,1.5,0.75,0.07,CHE(A) (4),16,0,False,0.2668957637632288,0.3355108026880099,0.9622915483846579,0.3486581621247865,CHE,SUN,MUN,LEE,IPS,0.31391263065206026,0.29298205557445617,0.2761691429316145,0.2926522088084037,0.2065452967124531,0.2504818036146256,0.20655944086696282,0.44009823710438234,0.3257116371968823,0.40913806896591104,1.3288981483599729,1.6853523740677787
Christie,MID,BOU,5.0,0.0,5,2,1.2,1.3,297,252,102,1,0.88,0,0,0.5,0.13,0.44,0.55,0,0.0,2,0,14,0,15,9.4,17.1,31.0,5.2,75,12.35,1.45,1.64,0.63,CHE(A) (4),16,0,False,1.3248292606764758,0.696598378504868,0.9622915483846579,0.723895351335265,CHE,SUN,MUN,LEE,IPS,1.5582137105507479,0.6082988184257438,1.3708608795167208,0.6076139799032689,1.0252588833988177,0.5200584209062742,1.025329092792544,0.9137461920558291,1.616782152766117,0.8494656897569148,6.596444719024947,3.4991831010480308
Tóth.A,MID,BOU,4.9,0.0,2,1,1.0,0.3,27,55,17,0,0.0,0,0,0.0,0.0,0.0,0.0,0,0.0,2,0,2,0,8,3.0,0.7,0.0,0.3,76,10.59,2.96,0.56,0.0,CHE(A) (4),16,0,False,0.003911840892128023,0.12411106490560368,0.9622915483846579,0.1289744933476155,CHE,SUN,MUN,LEE,IPS,0.004600958246117328,0.10837896909504782,0.004047759062306553,0.10825695325215255,0.003027295474323325,0.09265741411907878,0.0030275027825294033,0.16279970848180303,0.0047738940606005704,0.15134702377973894,0.019477409625877178,0.6234400687278211
Adli,MID,BOU,4.9,0.0,0,0,0.0,0.0,23,77,0,0,0.0,0,0,0.0,0.0,0.0,0.0,0,0.0,0,0,0,0,0,0.0,0.0,0.0,0.0,77,0.0,0.0,0.0,0.0,CHE(A) (4),16,0,False,0.0,0.0,0.9622915483846579,0.0,CHE,SUN,MUN,LEE,IPS,0.0,0.0,0.0,0.0,0.0,0.0,0.0,0.0,0.0,0.0,0.0,0.0
Kroupi.Jr,MID,BOU,7.4,0.2,0,0,0.0,0.0,189,864,0,0,0.0,0,0,0.0,0.0,0.0,0.0,0,0.0,0,0,0,0,0,0.0,0.0,0.0,0.0,78,0.0,0.0,0.0,0.0,CHE(A) (4),16,0,False,0.0,0.0,0.9622915483846579,0.0,CHE,SUN,MUN,LEE,IPS,0.0,0.0,0.0,0.0,0.0,0.0,0.0,0.0,0.0,0.0,0.0,0.0
Evanilson,FWD,BOU,6.0,3.2,18,2,3.6,3.0,18038,21166,424,5,1.06,0,3,0.87,0.52,0.18,0.29,2,0.42,5,0,27,0,66,71.4,82.6,99.0,25.2,79,5.73,1.37,6.45,1.39,CHE(A) (4),16,3,False,3.5695534331388377,2.1341488109913103,0.9622915483846579,2.2177777769884606,CHE,SUN,MUN,LEE,IPS,4.1983727753871705,1.8636279384644707,3.693578715445959,1.8615298179928181,2.76240605164747,1.5932883206035013,2.7625952203123343,2.799418444684418,4.356176645054658,2.60248408223931,17.77312940784759,10.720348603984519
Enes Ünal,FWD,BOU,5.5,0.0,0,0,0.0,0.0,0,50,0,0,0.0,0,0,0.0,0.0,0.0,0.0,0,0.0,0,0,0,0,0,0.0,0.0,0.0,0.0,80,0.0,0.0,0.0,0.0,CHE(A) (4),16,0,False,0.0,0.0,0.9622915483846579,0.0,CHE,SUN,MUN,LEE,IPS,0.0,0.0,0.0,0.0,0.0,0.0,0.0,0.0,0.0,0.0,0.0,0.0
Rodríguez,FWD,BOU,6.0,0.1,2,0,1.0,0.3,797,729,10,0,0.0,0,0,0.0,0.0,0.0,0.0,0,0.0,1,0,1,0,7,0.0,0.5,0.0,0.1,81,9.0,1.62,0.18,0.0,CHE(A) (4),16,0,False,0.0027941720658057312,0.039790996784565914,0.9622915483846579,0.04135025071285383,CHE,SUN,MUN,LEE,IPS,0.0032863987472266636,0.03474716145619749,0.0028912564730761096,0.03470804220429191,0.0021623539102309467,0.029706705603425934,0.0021625019875210027,0.05219488432924734,0.003409924329000408,0.04852306231643095,0.013912435447055132,0.19987985590959362
Silva,DEF,BOU,5.0,0.4,13,3,2.6,2.3,6342,3718,450,5,1.0,0,0,0.85,0.29,0.17,0.23,0,0.0,8,0,56,0,30,124.6,10.1,43.0,17.7,566,11.2,1.39,6.95,1.14,CHE(A) (4),16,0,False,2.151198858670696,4.077736582777156,0.9622915483846579,4.237527171076388,CHE,SUN,MUN,LEE,IPS,2.530158153353443,3.560850012999909,2.2259429550241663,3.5568411160765696,1.6647697973423021,3.044309768079678,1.6648838002347015,5.34887302309926,2.625258986183395,4.9725888342870945,10.711013692138009,20.48346275454251
Sanchez,DEF,BOU,4.4,0.2,0,0,0.0,0.0,152,440,0,0,0.0,0,0,0.0,0.0,0.0,0.0,0,0.0,0,0,0,0,0,0.0,0.0,0.0,0.0,573,0.0,0.0,0.0,0.0,CHE(A) (4),16,0,False,0.0,0.0,0.9622915483846579,0.0,CHE,SUN,MUN,LEE,IPS,0.0,0.0,0.0,0.0,0.0,0.0,0.0,0.0,0.0,0.0,0.0,0.0
Jebbison,FWD,BOU,5.0,0.1,3,1,1.0,0.7,903,903,31,0,0.0,0,0,0.1,0.0,0.29,0.29,0,0.0,2,0,1,0,13,3.6,1.6,21.0,2.6,608,2.9,1.77,0.61,0.1,CHE(A) (4),16,0,False,0.375215302869693,0.09322588238833214,0.9622915483846579,0.09687904101914324,CHE,SUN,MUN,LEE,IPS,0.4413139464035304,0.08140873687538092,0.38825227926913153,0.0813170848165744,0.29037162287455914,0.06959950909809824,0.29039150742852643,0.12228681211721737,0.4579015750412197,0.11368414129268341,1.8682309310169671,0.46829628419995434
Di Gregorio,GKP,BOU,4.5,0.0,0,0,0.0,0.0,184,195,0,0,0.0,0,0,0.0,0.0,0.0,0.0,0,0.0,0,0,0,0,0,0.0,0.0,0.0,0.0,615,0.0,0.0,0.0,0.0,CHE(A) (4),16,0,False,0.0,0.0,0.9622915483846579,0.0,CHE,SUN,MUN,LEE,IPS,0.0,0.0,0.0,0.0,0.0,0.0,0.0,0.0,0.0,0.0,0.0,0.0
Kelleher,GKP,BRE,5.0,6.1,20,6,4.0,3.7,20026,13668,450,5,1.0,0,0,0.0,0.01,0.0,0.0,2,0.4,4,0,0,0,97,118.0,0.0,0.0,11.7,82,0.0,1.26,6.32,0.01,AVL(A) (3),16,0,False,0.016151838155318687,1.7514768059012262,1.00593191266557,1.7411484652674685,AVL,LIV,HUL,NFO,BHA,0.02131164722015289,2.741154883485719,0.013933179005341396,1.8535321062776204,0.015259018421479316,2.7674151735667536,0.00958518376520982,1.677497186789481,0.017389290369412367,1.2610482425617955,0.07747831878159578,10.300647592681369
Valdimarsson,GKP,BRE,4.5,0.1,0,0,0.0,0.0,300,340,0,0,0.0,0,0,0.0,0.0,0.0,0.0,0,0.0,0,0,0,0,0,0.0,0.0,0.0,0.0,83,0.0,0.0,0.0,0.0,AVL(A) (3),16,0,False,0.0,0.0,1.00593191266557,0.0,AVL,LIV,HUL,NFO,BHA,0.0,0.0,0.0,0.0,0.0,0.0,0.0,0.0,0.0,0.0,0.0,0.0
Collins,DEF,BRE,5.4,0.9,10,0,3.3,0.3,121,9490,196,3,1.38,0,0,0.51,0.05,0.23,0.25,1,0.46,1,0,17,0,39,40.6,22.4,51.0,11.4,84,7.81,0.98,2.13,0.56,AVL(A) (3),16,0,False,1.4582945523285873,1.279073710757873,1.00593191266557,1.27153109932512,AVL,LIV,HUL,NFO,BHA,1.924156169931882,2.0018187718895035,1.2579793609074523,1.3536029601976198,1.3776848940624986,2.020996214928633,0.8654136534466842,1.2250476536505825,1.5700199055191484,0.9209220753729883,6.995253983867666,7.522387676039328
Van den Berg,DEF,BRE,4.9,0.1,0,0,0.0,0.0,38,353,0,0,0.0,0,0,0.0,0.0,0.0,0.0,0,0.0,0,0,0,0,0,0.0,0.0,0.0,0.0,85,0.0,0.0,0.0,0.0,AVL(A) (3),16,0,False,0.0,0.0,1.00593191266557,0.0,AVL,LIV,HUL,NFO,BHA,0.0,0.0,0.0,0.0,0.0,0.0,0.0,0.0,0.0,0.0,0.0,0.0
Lewis-Potter,MID,BRE,5.5,1.7,22,3,4.4,2.0,3710,12042,406,5,1.11,1,1,1.21,0.79,0.27,0.45,2,0.44,4,0,38,3,85,113.6,109.3,73.0,29.5,86,8.42,1.26,5.69,2.0,AVL(A) (3),16,2,False,4.331326898550041,3.198225379087906,1.00593191266557,3.1793656596628734,AVL,LIV,HUL,NFO,BHA,5.714997263432902,5.005393783598399,3.7363643956694395,3.384580031707057,4.091905596061238,5.053345504064466,2.570392538023751,3.063137381016076,4.6631659133441135,2.3026947773596618,20.776825706531444,18.80915147774566
Ajer,DEF,BRE,4.5,3.9,21,7,4.2,3.3,11326,22906,450,5,1.0,0,0,0.13,0.08,0.03,0.05,2,0.4,4,0,50,1,73,104.2,34.0,49.0,18.8,87,10.0,1.26,6.32,0.21,AVL(A) (3),16,0,False,1.0335100742483354,3.5361929169817516,1.00593191266557,3.5153402257727033,AVL,LIV,HUL,NFO,BHA,1.3636715455572839,5.534331057466932,0.8915444006962074,3.7422403103103523,0.9763810849322274,5.587350002091014,0.6133285815276596,3.3868297029086136,1.1126911134197555,2.5460284990898066,4.957616726133134,20.796779571866722
Kayode,DEF,BRE,4.6,7.6,23,6,4.6,2.7,13367,21407,294,4,1.22,1,0,0.55,0.43,0.17,0.3,2,0.61,1,0,16,1,72,63.8,32.9,56.0,15.3,88,4.9,0.99,3.24,0.98,AVL(A) (3),16,1,False,2.239940038727319,1.5836408656420227,1.00593191266557,1.5743022422318922,AVL,LIV,HUL,NFO,BHA,2.955503357612138,2.4784826598423084,1.9322559587771755,1.6759166775094074,2.116123625390232,2.502226547500896,1.3292751380859122,1.5167503720566922,2.4115501510690813,1.14020780848384,10.744708230934538,9.313584065393144
Henry,DEF,BRE,4.4,0.2,1,0,1.0,0.0,160,591,2,0,0.0,0,0,0.0,0.0,0.0,0.0,0,0.0,0,0,0,0,3,0.0,0.0,0.0,0.0,89,0.0,0.0,0.0,0.0,AVL(A) (3),16,0,False,0.0,0.0,1.00593191266557,0.0,AVL,LIV,HUL,NFO,BHA,0.0,0.0,0.0,0.0,0.0,0.0,0.0,0.0,0.0,0.0,0.0,0.0
Hickey,DEF,BRE,4.5,0.1,5,1,1.0,1.0,182,248,152,1,0.59,0,0,0.03,0.06,0.02,0.06,0,0.0,3,0,17,0,17,32.8,7.8,6.0,4.7,90,10.07,1.82,3.07,0.09,AVL(A) (3),16,0,False,0.24709010256072084,1.163298125283046,1.00593191266557,1.156438234671847,AVL,LIV,HUL,NFO,BHA,0.32602463241197444,1.8206237880658716,0.21314915344746782,1.2310813463928283,0.23343178593562755,1.8380653814216783,0.14663371542199063,1.1141622463882273,0.26602059155857605,0.8375646491697512,1.1852598787756365,6.841497411438357
Ji-soo,DEF,BRE,4.4,0.0,0,0,0.0,0.0,58,89,0,0,0.0,0,0,0.0,0.0,0.0,0.0,0,0.0,0,0,0,0,0,0.0,0.0,0.0,0.0,92,0.0,0.0,0.0,0.0,AVL(A) (3),16,0,False,0.0,0.0,1.00593191266557,0.0,AVL,LIV,HUL,NFO,BHA,0.0,0.0,0.0,0.0,0.0,0.0,0.0,0.0,0.0,0.0,0.0,0.0
Schuster,DEF,BRE,4.5,0.3,21,14,7.0,7.0,15276,2374,253,2,0.71,0,1,0.1,0.54,0.04,0.23,1,0.36,3,0,38,3,59,92.4,11.5,16.0,12.0,93,13.52,1.49,4.19,0.64,AVL(A) (3),16,1,False,1.247869232234937,2.8835532749768378,1.00593191266557,2.8665491557334635,AVL,LIV,HUL,NFO,BHA,1.6465091216578807,4.512915109616219,1.0764586185667027,3.0515725685453146,1.178891183725736,4.556148879660947,0.7405383703640238,2.7617565305081344,1.343473121369996,2.0761335676790678,5.98587041568434,16.958526656009685
Schade,MID,BRE,6.2,11.6,39,9,7.8,8.7,395464,25355,447,5,1.01,3,2,1.52,0.32,0.31,0.37,2,0.4,4,0,34,6,138,146.2,48.0,160.0,35.4,94,6.85,1.27,6.32,1.84,AVL(A) (3),16,5,False,4.60540459009668,3.5229439671393026,1.00593191266557,3.5021694040941846,AVL,LIV,HUL,NFO,BHA,6.076630844514348,5.513595742309276,3.9727940515988838,3.7282193687685052,4.350833187088983,5.566416042415224,2.733041829959229,3.3741403678207944,4.9582417131541385,2.5364893691062878,22.091541626315582,20.718860890420085
O.Dango,MID,BRE,6.3,0.5,7,1,1.4,1.0,821,3704,179,2,1.01,0,0,0.09,0.39,0.05,0.25,1,0.5,1,0,28,0,34,25.4,59.3,23.0,10.8,95,14.08,1.41,2.81,0.48,AVL(A) (3),16,0,False,1.3359504011936252,1.491160713949974,1.00593191266557,1.482367439759039,AVL,LIV,HUL,NFO,BHA,1.7627283891824324,2.333746275905029,1.1524407255132731,1.5780478791461687,1.2621035194860144,2.3561035876169707,0.7928094606637682,1.428176436178934,1.438302515298484,1.0736228943301536,6.4083846101439725,8.769697073177255
Damsgaard,MID,BRE,5.4,0.4,16,3,3.2,4.0,1675,2066,283,3,0.95,0,1,0.17,0.73,0.05,0.28,2,0.64,1,0,31,3,74,47.4,118.2,42.0,20.7,96,9.86,0.97,3.06,0.9,AVL(A) (3),16,1,False,2.531428302320631,1.9370802274377987,1.00593191266557,1.9256573959412664,AVL,LIV,HUL,NFO,BHA,3.340109430480074,3.031634165667733,2.1837046245913747,2.0499502944568233,2.391499390120188,3.060677250058781,1.5022565997051138,1.8552610124005757,2.725370411410831,1.3946811104099757,12.142940456307581,11.39220383299389
Jensen,MID,BRE,5.4,0.1,6,0,6.0,0.0,20,653,66,1,1.36,0,1,0.08,0.34,0.11,0.57,1,1.36,0,0,5,0,22,12.6,46.2,13.0,7.2,97,6.82,0.64,0.47,0.42,AVL(A) (3),16,1,False,1.0586620051456386,0.38597708353601135,1.00593191266557,0.38370100269831336,AVL,LIV,HUL,NFO,BHA,1.3968584233005132,0.6040747807127853,0.9132413959330439,0.40846725129955397,1.000142700991471,0.609861822907199,0.6282548009079053,0.3696740200129043,1.1397700270095734,0.27790018184783416,5.078267348142507,2.2699780567802765
Janelt,MID,BRE,5.0,2.5,28,3,5.6,6.0,19718,18012,450,5,1.0,2,0,0.53,0.44,0.11,0.2,2,0.4,4,0,64,3,109,164.0,97.5,47.0,30.9,98,12.8,1.26,6.32,0.97,AVL(A) (3),16,2,False,2.4911689769249934,4.980879693939347,1.00593191266557,4.951507782212373,AVL,LIV,HUL,NFO,BHA,3.2869890034486375,7.795343136200612,2.148975426466826,5.27110630247391,2.3534654659351517,7.8700225982299585,1.4783650135915238,4.770495187928458,2.6820266698100728,3.586190558328278,11.949821579252212,29.293157783161213
Milambo,MID,BRE,5.0,0.0,0,0,0.0,0.0,6,7,0,0,0.0,0,0,0.0,0.0,0.0,0.0,0,0.0,0,0,0,0,0,0.0,0.0,0.0,0.0,99,0.0,0.0,0.0,0.0,AVL(A) (3),16,0,False,0.0,0.0,1.00593191266557,0.0,AVL,LIV,HUL,NFO,BHA,0.0,0.0,0.0,0.0,0.0,0.0,0.0,0.0,0.0,0.0,0.0,0.0
Carvalho,MID,BRE,5.0,0.0,6,6,6.0,2.0,610,174,3,0,0.0,1,0,0.43,0.0,12.9,12.9,0,0.0,0,0,0,0,23,33.2,0.3,33.0,6.7,100,0.0,3.9,0.13,0.43,AVL(A) (3),16,1,False,0.9478450093341082,0.4927883894569552,1.00593191266557,0.4898824495498301,AVL,LIV,HUL,NFO,BHA,1.2506402221260045,0.7712401875569989,0.8176465153610278,0.5215022536306525,0.8954512990444847,0.7786286759526798,0.5624913095363532,0.4719737847577184,1.0204629302257873,0.35480340383942044,4.5466922762936575,2.8981483057374704
Yarmoliuk,MID,BRE,4.8,0.6,9,3,1.8,2.3,1352,3317,216,2,0.83,0,1,0.1,0.3,0.04,0.16,1,0.42,4,0,26,0,50,53.0,60.5,20.0,13.4,102,10.83,1.91,4.58,0.4,AVL(A) (3),16,1,False,1.177949929296185,1.8212461766763832,1.00593191266557,1.8105064107672575,AVL,LIV,HUL,NFO,BHA,1.5542536456073728,2.8503476805434227,1.016143615753631,1.927366808701784,1.1128367866162598,2.87765403866781,0.6990452993612895,1.7443196093331677,1.2681970413636783,1.3112815897030285,5.650476388702232,10.710969726949212
Dasilva,MID,BRE,4.9,0.0,0,0,0.0,0.0,9,104,0,0,0.0,0,0,0.0,0.0,0.0,0.0,0,0.0,0,0,0,0,0,0.0,0.0,0.0,0.0,103,0.0,0.0,0.0,0.0,AVL(A) (3),16,0,False,0.0,0.0,1.00593191266557,0.0,AVL,LIV,HUL,NFO,BHA,0.0,0.0,0.0,0.0,0.0,0.0,0.0,0.0,0.0,0.0,0.0,0.0
Anthony,MID,BRE,5.9,0.1,15,10,3.0,4.0,2345,619,267,3,1.01,1,0,1.15,0.54,0.39,0.57,2,0.67,3,0,26,2,59,65.0,89.3,58.0,21.2,105,8.76,1.18,3.5,1.69,AVL(A) (3),16,1,False,3.569662120475415,1.9993624620222705,1.00593191266557,1.9875723563876777,AVL,LIV,HUL,NFO,BHA,4.710013750457489,3.129109194118241,3.0793239032544757,2.115861599170694,3.372343106153205,3.159086090216971,2.1183884506172053,1.914912543582945,3.843147172273935,1.4395237838618549,17.12321638275631,11.758493210950705
Thiago,FWD,BRE,7.8,9.1,10,5,2.0,2.7,58938,38568,442,5,1.02,1,0,3.13,0.16,0.64,0.67,2,0.41,4,0,19,0,37,48.8,43.6,146.0,23.6,106,3.87,1.27,6.25,3.29,AVL(A) (3),16,1,False,6.355456068131462,1.4803684993133612,1.00593191266557,1.4716388660844897,AVL,LIV,HUL,NFO,BHA,8.385747575274985,2.31685588274932,5.482453836295989,1.566626822207588,6.004147657248924,2.3390513843327922,3.771596380483665,1.4178400676748526,6.8423711243286185,1.0658525925739466,30.486316573632184,8.7062267495385
Furo,FWD,BRE,4.5,0.9,0,0,0.0,0.0,629,9583,0,0,0.0,0,0,0.0,0.0,0.0,0.0,0,0.0,0,0,0,0,0,0.0,0.0,0.0,0.0,107,0.0,0.0,0.0,0.0,AVL(A) (3),16,0,False,0.0,0.0,1.00593191266557,0.0,AVL,LIV,HUL,NFO,BHA,0.0,0.0,0.0,0.0,0.0,0.0,0.0,0.0,0.0,0.0,0.0,0.0
Wilson,FWD,BRE,5.4,0.3,3,0,1.0,0.3,1215,2481,13,0,0.0,0,0,0.07,0.04,0.48,0.76,0,0.0,0,0,2,0,9,3.2,10.4,12.0,2.6,108,13.85,1.04,0.15,0.11,AVL(A) (3),16,0,False,0.3494881316919582,0.12707966966136847,1.00593191266557,0.12633028941752752,AVL,LIV,HUL,NFO,BHA,0.4611343736004882,0.19888648020364189,0.30148151883894997,0.1344843659812553,0.3301695935963741,0.2007918145920082,0.20740103595727077,0.12171202475352913,0.3762637134061216,0.09149626963478023,1.6764502353992046,0.7473709551652148
M.Sangaré,MID,BRE,5.6,9.9,22,0,4.4,1.3,8464,139429,321,4,1.12,0,2,0.41,0.65,0.11,0.29,1,0.28,3,0,48,3,76,76.4,57.8,40.0,17.1,565,13.46,1.21,4.31,1.06,AVL(A) (3),16,2,False,2.368698147497477,3.043974862361314,1.00593191266557,3.0260247478333135,AVL,LIV,HUL,NFO,BHA,3.1253940762075376,4.763983474434911,2.0433275136449462,3.22134162386783,2.237764415419552,4.809622481823225,1.4056856445530312,2.91540216294304,2.5501728960031227,2.1916357314294315,11.36234454582819,17.90198547449844
Diouf,DEF,BRE,4.5,0.1,2,1,1.0,0.7,475,685,39,0,0.0,0,0,0.0,0.01,0.0,0.02,0,0.0,0,0,2,0,7,5.6,1.3,0.0,0.7,620,4.62,1.45,0.63,0.01,AVL(A) (3),16,0,False,0.023416685526413586,0.16270292673054595,1.00593191266557,0.16174347854161164,AVL,LIV,HUL,NFO,BHA,0.030897297026212057,0.2546387829186057,0.02020010775330048,0.17218332407503742,0.02212228926401615,0.2570782249018405,0.013896451399798877,0.1558306116034847,0.025210724636559944,0.11714470846654558,0.11232687007988751,0.9568756519655138
Nunes,MID,BRE,4.5,0.0,0,0,0.0,0.0,346,271,0,0,0.0,0,0,0.0,0.0,0.0,0.0,0,0.0,0,0,0,0,0,0.0,0.0,0.0,0.0,657,0.0,0.0,0.0,0.0,AVL(A) (3),16,0,False,0.0,0.0,1.00593191266557,0.0,AVL,LIV,HUL,NFO,BHA,0.0,0.0,0.0,0.0,0.0,0.0,0.0,0.0,0.0,0.0,0.0,0.0
Fredrick,DEF,BRE,4.0,0.0,0,0,0.0,0.0,525,68,0,0,0.0,0,0,0.0,0.0,0.0,0.0,0,0.0,0,0,0,0,0,0.0,0.0,0.0,0.0,660,0.0,0.0,0.0,0.0,AVL(A) (3),16,0,False,0.0,0.0,1.00593191266557,0.0,AVL,LIV,HUL,NFO,BHA,0.0,0.0,0.0,0.0,0.0,0.0,0.0,0.0,0.0,0.0,0.0,0.0
Balcombe,GKP,BRE,4.0,0.0,0,0,0.0,0.0,2900,554,0,0,0.0,0,0,0.0,0.0,0.0,0.0,0,0.0,0,0,0,0,0,0.0,0.0,0.0,0.0,661,0.0,0.0,0.0,0.0,AVL(A) (3),16,0,False,0.0,0.0,1.00593191266557,0.0,AVL,LIV,HUL,NFO,BHA,0.0,0.0,0.0,0.0,0.0,0.0,0.0,0.0,0.0,0.0,0.0,0.0
Verbruggen,GKP,BHA,4.5,21.6,23,6,4.6,5.7,73035,72689,450,5,1.0,0,0,0.0,0.2,0.0,0.04,3,0.6,5,0,0,0,107,113.8,3.0,0.0,11.7,109,0.0,1.73,8.67,0.2,SUN(A) (3),17,0,False,0.33980179550120815,1.6891361060301655,1.0766137081237528,1.5689342363788716,SUN,CRY,LIV,MCI,BRE,0.35160831819512545,1.3169118627633623,0.4563381590868092,1.7946926624473984,0.29312572337134896,1.6702021899779085,0.28831907783147337,1.1751524492801024,0.34181747007572516,1.2948287779018057,1.7312087485604821,7.251787942370578
Steele,GKP,BHA,4.0,4.1,0,0,0.0,0.0,7205,14873,0,0,0.0,0,0,0.0,0.0,0.0,0.0,0,0.0,0,0,0,0,0,0.0,0.0,0.0,0.0,111,0.0,0.0,0.0,0.0,SUN(A) (3),17,0,False,0.0,0.0,1.0766137081237528,0.0,SUN,CRY,LIV,MCI,BRE,0.0,0.0,0.0,0.0,0.0,0.0,0.0,0.0,0.0,0.0,0.0,0.0
F.Kadıoğlu,DEF,BHA,4.4,1.6,13,5,3.2,4.3,4032,6960,332,4,1.08,0,0,0.12,0.13,0.03,0.07,2,0.54,5,0,10,0,46,31.2,58.1,32.0,12.2,113,2.71,2.05,7.55,0.25,SUN(A) (3),17,0,False,1.048808548354596,0.8610123097449665,1.0766137081237528,0.7997411729463102,SUN,CRY,LIV,MCI,BRE,1.0852497387534235,0.6712764712331473,1.408501569230064,0.9148182133219892,0.9047414359922129,0.8513610242538374,0.8899055787428534,0.5990166932344562,1.0550299890663386,0.6600199432156215,5.3434283117848915,3.6964923452590517
Boscagli,DEF,BHA,4.5,0.3,19,6,3.8,4.7,2076,797,437,5,1.03,0,0,0.07,0.53,0.01,0.12,3,0.62,5,0,29,0,93,77.2,115.7,21.0,21.4,114,5.97,1.74,8.45,0.6,SUN(A) (3),17,0,False,1.8281467266261142,2.2998203424776205,1.0766137081237528,2.1361611180723186,SUN,CRY,LIV,MCI,BRE,1.8916662727305875,1.793023475385464,2.455116844037309,2.4435394393956185,1.577027663673243,2.274041126022362,1.5511677258326726,1.600012869725795,1.8389911333483078,1.7629565508741953,9.313969639622119,9.873573461403433
De Cuyper,DEF,BHA,5.0,27.8,38,6,7.6,7.0,301940,21806,423,5,1.06,1,3,1.55,0.67,0.33,0.47,3,0.64,5,0,16,5,132,108.4,171.8,57.0,33.8,115,3.4,1.83,8.58,2.22,SUN(A) (3),17,4,False,4.772981271665344,2.245639726177571,1.0766137081237528,2.085836088870831,SUN,CRY,LIV,MCI,BRE,4.938820041347062,1.7507822989150517,6.409893990274211,2.3859729980807702,4.117351957576194,2.2204678327420635,4.049836042577804,1.5623187586821632,4.801294179723264,1.721423709950773,24.317196211498537,9.640965598370823
Dunk,DEF,BHA,4.5,1.5,22,0,5.5,5.7,7588,9976,360,4,1.0,1,0,0.03,0.09,0.01,0.03,2,0.5,5,0,23,1,79,116.2,14.6,11.0,14.3,116,5.75,1.76,7.04,0.12,SUN(A) (3),17,1,False,0.38841629504655345,2.639952289144359,1.0766137081237528,2.45208868252763,SUN,CRY,LIV,MCI,BRE,0.4019119441657415,2.058202695621861,0.521625192649204,2.8049267229706487,0.3350624068563389,2.6103604552795927,0.3295680878829894,1.8366467850017074,0.39072034658665383,2.0236890230862303,1.9788879781409277,11.333825681960041
Coppola,DEF,BHA,4.5,0.0,0,0,0.0,0.0,110,101,0,0,0.0,0,0,0.0,0.0,0.0,0.0,0,0.0,0,0,0,0,0,0.0,0.0,0.0,0.0,117,0.0,0.0,0.0,0.0,SUN(A) (3),17,0,False,0.0,0.0,1.0766137081237528,0.0,SUN,CRY,LIV,MCI,BRE,0.0,0.0,0.0,0.0,0.0,0.0,0.0,0.0,0.0,0.0,0.0,0.0
Igor,DEF,BHA,4.5,0.0,0,0,0.0,0.0,0,296,0,0,0.0,0,0,0.0,0.0,0.0,0.0,0,0.0,0,0,0,0,0,0.0,0.0,0.0,0.0,118,0.0,0.0,0.0,0.0,SUN(A) (3),17,0,False,0.0,0.0,1.0766137081237528,0.0,SUN,CRY,LIV,MCI,BRE,0.0,0.0,0.0,0.0,0.0,0.0,0.0,0.0,0.0,0.0,0.0,0.0
Costinha,DEF,BHA,4.5,0.0,4,1,0.8,1.0,171,137,68,0,0.0,0,0,0.12,0.3,0.16,0.56,0,0.0,0,0,7,0,18,16.4,20.0,18.0,5.4,119,9.26,1.35,1.02,0.42,SUN(A) (3),17,0,False,0.9568380593908445,0.5219625674646742,1.0766137081237528,0.48481880132690686,SUN,CRY,LIV,MCI,BRE,0.9900837055650762,0.4069409768453411,1.2849894389832925,0.5545807626495237,0.8254042563091218,0.516111768704577,0.8118693619929503,0.36313568065881385,0.9625139391942444,0.4001170485480719,4.8748607020446855,2.2408862374063276
Svoboda,DEF,BHA,5.0,0.1,1,1,1.0,0.3,1331,463,4,0,0.0,0,0,0.0,0.0,0.0,0.0,0,0.0,0,0,1,0,5,2.4,0.0,0.0,0.2,120,22.5,3.15,0.14,0.0,SUN(A) (3),17,0,False,0.0,0.0754142538537434,1.0766137081237528,0.07004764409434289,SUN,CRY,LIV,MCI,BRE,0.0,0.05879569157683299,0.0,0.08012699956627511,0.0,0.07456891809511929,0.0,0.05246660989039048,0.0,0.0578097560079479,0.0,0.32376797513656574
Mitoma,MID,BHA,5.9,0.0,0,0,0.0,0.0,127,176,0,0,0.0,0,0,0.0,0.0,0.0,0.0,0,0.0,0,0,0,0,0,0.0,0.0,0.0,0.0,121,0.0,0.0,0.0,0.0,SUN(A) (3),17,0,False,0.0,0.0,1.0766137081237528,0.0,SUN,CRY,LIV,MCI,BRE,0.0,0.0,0.0,0.0,0.0,0.0,0.0,0.0,0.0,0.0,0.0,0.0
Minteh,MID,BHA,5.8,0.0,0,0,0.0,0.0,45,233,0,0,0.0,0,0,0.0,0.0,0.0,0.0,0,0.0,0,0,0,0,0,0.0,0.0,0.0,0.0,122,0.0,0.0,0.0,0.0,SUN(A) (3),17,0,False,0.0,0.0,1.0766137081237528,0.0,SUN,CRY,LIV,MCI,BRE,0.0,0.0,0.0,0.0,0.0,0.0,0.0,0.0,0.0,0.0,0.0,0.0
Hinshelwood,MID,BHA,5.9,0.6,16,0,16.0,0.0,276,6848,63,1,1.43,2,0,1.41,0.02,2.01,2.04,1,1.43,0,0,3,3,54,72.8,13.4,59.0,14.5,123,4.29,0.27,0.19,1.43,SUN(A) (3),17,2,False,2.669717758128103,1.1999451214520813,1.0766137081237528,1.1145549349759458,SUN,CRY,LIV,MCI,BRE,2.762477960443106,0.9355208022988342,3.5853079741045986,1.2749314262607703,2.30299827549279,1.1864946599316741,2.265233946037423,0.8348163557939721,2.68555429071104,0.9198332032642519,13.601572446788957,5.151596447549503
Groß,MID,BHA,5.8,29.0,47,14,9.4,10.7,795131,12169,450,5,1.0,3,4,1.77,0.86,0.35,0.52,3,0.6,5,0,26,9,166,211.0,216.0,84.0,50.8,124,5.2,1.73,8.67,2.63,SUN(A) (3),17,7,False,5.921973140571991,4.166443933730568,1.0766137081237528,3.869952520845713,SUN,CRY,LIV,MCI,BRE,6.127734002352614,3.2483110285076373,7.952937144266925,4.426811036523535,5.108515268600727,4.119741303080459,5.024746359312277,2.898645512361253,5.957101768049715,3.193840619266473,30.17103454258226,17.887349499739358
Georginio,FWD,BHA,5.3,0.5,6,1,3.0,0.3,2687,3880,104,1,0.87,0,1,0.17,0.45,0.15,0.54,1,0.87,0,0,9,0,24,20.2,11.7,19.0,5.1,125,7.79,0.89,1.03,0.62,SUN(A) (3),17,1,False,1.2316164695004617,0.6579480513933371,1.0766137081237528,0.6111273211818592,SUN,CRY,LIV,MCI,BRE,1.2744093799261154,0.5129601995177825,1.6540041866578001,0.6990641759960687,1.0624383782489641,0.6505729599916705,1.0450166227187152,0.4577424290047961,1.238922310835016,0.5043584517950591,6.274790878386611,2.824698216305377
O'Riley,MID,BHA,5.4,0.1,2,1,1.0,0.7,429,571,10,0,0.0,0,0,0.28,0.01,2.52,2.61,0,0.0,0,0,3,0,6,8.2,10.5,19.0,3.8,126,27.0,1.62,0.18,0.29,SUN(A) (3),17,0,False,0.6636318119804073,0.24108578534005415,1.0766137081237528,0.22392970061676218,SUN,CRY,LIV,MCI,BRE,0.6866899127682363,0.1879592352117236,0.8912269546542341,0.2561515844848306,0.5724735934725345,0.23838339918850293,0.5630862302172281,0.16772630110597025,0.6675684179311691,0.1848073767927524,3.3810451090434017,1.0350278967837796
Gomez,MID,BHA,5.0,4.0,24,8,4.8,4.3,12283,38594,433,5,1.04,0,3,0.79,0.78,0.16,0.32,3,0.62,5,0,36,0,80,84.2,103.4,126.0,31.4,127,7.48,1.76,8.49,1.57,SUN(A) (3),17,3,False,4.2933802775296375,2.6822584864213495,1.0766137081237528,2.4913842970621305,SUN,CRY,LIV,MCI,BRE,4.442555156389541,2.0911861437072936,5.765811946984026,2.8498766956566928,3.703630222738724,2.652192432637375,3.642898474304204,1.8660797188975,4.3188482343760235,2.0561193769945256,21.87374403479252,11.515454367893387
Buonanotte,MID,BHA,5.0,0.0,0,0,0.0,0.0,0,7,0,0,0.0,0,0,0.0,0.0,0.0,0.0,0,0.0,0,0,0,0,0,0.0,0.0,0.0,0.0,128,0.0,0.0,0.0,0.0,SUN(A) (3),17,0,False,0.0,0.0,1.0766137081237528,0.0,SUN,CRY,LIV,MCI,BRE,0.0,0.0,0.0,0.0,0.0,0.0,0.0,0.0,0.0,0.0,0.0,0.0
Ayari,MID,BHA,5.4,0.4,15,3,3.8,4.3,2349,2021,333,4,1.08,1,0,0.7,0.18,0.19,0.24,3,0.81,1,0,21,0,71,56.0,48.9,68.0,16.9,129,5.68,1.52,5.64,0.88,SUN(A) (3),17,1,False,2.260975761431624,1.6668202640900254,1.0766137081237528,1.5482064286501083,SUN,CRY,LIV,MCI,BRE,2.339534091585134,1.2995136218083507,3.036386300401216,1.770982271293407,1.9504021590503189,1.6481364914551173,1.918419664539299,1.1596270477330735,2.274387672187407,1.2777222852727945,11.519129887763375,7.155981717562742
Wieffer,DEF,BHA,4.9,0.2,7,0,3.5,0.0,30,1990,156,2,1.15,0,0,0.12,0.13,0.07,0.15,1,0.58,4,0,15,1,38,37.0,35.5,10.0,8.3,130,8.65,1.83,3.18,0.25,SUN(A) (3),17,0,False,0.6810842441105346,1.1460568315849748,1.0766137081237528,1.0645014297488768,SUN,CRY,LIV,MCI,BRE,0.704748735266915,0.8935075341337194,0.914664767094579,1.217675579280132,0.5875287134291173,1.1332104163299344,0.5778944778612779,0.797325619790656,0.685124376364494,0.8785244488881273,3.469961070016383,4.9202435984225685
Howell,MID,BHA,4.5,0.0,0,0,0.0,0.0,0,205,0,0,0.0,0,0,0.0,0.0,0.0,0.0,0,0.0,0,0,0,0,0,0.0,0.0,0.0,0.0,132,0.0,0.0,0.0,0.0,SUN(A) (3),17,0,False,0.0,0.0,1.0766137081237528,0.0,SUN,CRY,LIV,MCI,BRE,0.0,0.0,0.0,0.0,0.0,0.0,0.0,0.0,0.0,0.0,0.0,0.0
Watson,MID,BHA,5.0,0.0,0,0,0.0,0.0,0,5,0,0,0.0,0,0,0.0,0.0,0.0,0.0,0,0.0,0,0,0,0,0,0.0,0.0,0.0,0.0,133,0.0,0.0,0.0,0.0,SUN(A) (3),17,0,False,0.0,0.0,1.0766137081237528,0.0,SUN,CRY,LIV,MCI,BRE,0.0,0.0,0.0,0.0,0.0,0.0,0.0,0.0,0.0,0.0,0.0,0.0
Oriola,MID,BHA,4.5,0.2,0,0,0.0,0.0,357,1352,0,0,0.0,0,0,0.0,0.0,0.0,0.0,0,0.0,0,0,0,0,0,0.0,0.0,0.0,0.0,134,0.0,0.0,0.0,0.0,SUN(A) (3),17,0,False,0.0,0.0,1.0766137081237528,0.0,SUN,CRY,LIV,MCI,BRE,0.0,0.0,0.0,0.0,0.0,0.0,0.0,0.0,0.0,0.0,0.0,0.0
Yohanna,MID,BHA,4.8,0.0,1,0,1.0,0.0,25,395,12,0,0.0,0,0,0.0,0.03,0.0,0.22,0,0.0,0,0,0,0,3,0.2,1.3,0.0,0.2,135,0.0,0.0,0.0,0.03,SUN(A) (3),17,0,False,0.055720361837050966,0.0029686047557647903,1.0766137081237528,0.0027573536667466992,SUN,CRY,LIV,MCI,BRE,0.057656383733498205,0.002314432096244925,0.07482987930321378,0.003154117157201052,0.04806646576398328,0.0029353289806290134,0.047278276789556976,0.0020652942869597585,0.05605089015716231,0.0022756217537817326,0.28388189574741457,0.012744794274816482
Tzimas,FWD,BHA,5.4,0.0,0,0,0.0,0.0,37,52,0,0,0.0,0,0,0.0,0.0,0.0,0.0,0,0.0,0,0,0,0,0,0.0,0.0,0.0,0.0,137,0.0,0.0,0.0,0.0,SUN(A) (3),17,0,False,0.0,0.0,1.0766137081237528,0.0,SUN,CRY,LIV,MCI,BRE,0.0,0.0,0.0,0.0,0.0,0.0,0.0,0.0,0.0,0.0,0.0,0.0
Kostoulas,FWD,BHA,5.6,4.2,28,10,5.6,7.3,316225,19339,353,4,1.02,2,3,1.35,0.06,0.34,0.36,2,0.51,5,0,27,3,105,95.8,39.1,127.0,26.1,138,6.88,1.96,7.67,1.41,SUN(A) (3),17,5,False,3.542684582926013,2.496318591194614,1.0766137081237528,2.3186762088929966,SUN,CRY,LIV,MCI,BRE,3.665776298389177,1.9462206474924542,4.7576622083856215,2.6523171476555913,3.056052071517147,2.468336780565718,3.0059392431708747,1.7367190815193057,3.563699478473591,1.9135847840507623,18.04912929993641,10.717178441283831
Ferguson,FWD,BHA,5.0,0.0,0,0,0.0,0.0,135,259,0,0,0.0,0,0,0.0,0.0,0.0,0.0,0,0.0,0,0,0,0,0,0.0,0.0,0.0,0.0,139,0.0,0.0,0.0,0.0,SUN(A) (3),17,0,False,0.0,0.0,1.0766137081237528,0.0,SUN,CRY,LIV,MCI,BRE,0.0,0.0,0.0,0.0,0.0,0.0,0.0,0.0,0.0,0.0,0.0,0.0
Struijk,DEF,BHA,4.9,0.2,7,5,2.3,2.3,641,889,98,1,0.92,0,0,0.16,0.01,0.15,0.16,1,0.92,0,0,10,0,31,32.2,1.5,7.0,4.0,328,9.18,1.56,1.7,0.17,SUN(A) (3),17,0,False,0.3186646082067519,0.8758553335237904,1.0766137081237528,0.8135279412800437,SUN,CRY,LIV,MCI,BRE,0.3297367125286018,0.6828486317143719,0.4279518901914438,0.9305887991079944,0.2748919959521507,0.8660376691569825,0.2703843452038846,0.609343164669255,0.3205548988322424,0.6713980519845302,1.6235198427083233,3.7602163166331346
Vuskovic,DEF,BHA,5.0,3.7,32,8,6.4,8.7,57194,13531,437,5,1.03,1,0,0.46,0.07,0.09,0.1,3,0.62,5,0,43,2,98,128.2,18.0,72.0,21.8,504,8.86,1.74,8.45,0.53,SUN(A) (3),17,1,False,1.6285531472575647,3.6138885101815648,1.0766137081237528,3.3567179044000817,SUN,CRY,LIV,MCI,BRE,1.685137750240566,2.8175187498344343,2.187071860813355,3.8397256259999613,1.4048507855423127,3.5733796006687557,1.38181418648559,2.5142260111567607,1.6382135822983357,2.7702722275644764,8.29708816538016,15.515122215224388
David,FWD,BHA,5.9,0.2,1,0,0.5,0.0,3208,2227,23,0,0.0,0,0,0.42,0.0,1.64,1.64,0,0.0,0,0,0,0,-4,0.0,3.7,4.0,0.4,594,0.0,0.55,0.14,0.42,SUN(A) (3),17,0,False,0.635017718119613,0.0,1.0766137081237528,0.0,SUN,CRY,LIV,MCI,BRE,0.6570816130115167,0.0,0.8527995446486104,0.0,0.5477900071212929,0.0,0.5388074027826683,0.0,0.6387845877645881,0.0,3.235263155328677,0.0
Osman,MID,BHA,5.0,0.0,3,0,1.0,0.3,117,127,40,0,0.0,0,0,0.05,0.07,0.11,0.27,0,0.0,1,0,4,0,15,7.2,17.8,19.0,4.2,600,9.0,0.72,0.32,0.12,SUN(A) (3),17,0,False,0.488951263231834,0.2660337583457961,1.0766137081237528,0.24710233237641122,SUN,CRY,LIV,MCI,BRE,0.5059400321612367,0.20740958115239289,0.6566390239853563,0.2826585923786879,0.4217876262742014,0.263051724612929,0.4148711960500372,0.18508290811804487,0.49185167942304536,0.20393156298641088,2.4910895578938774,1.1421343692484656
Yalcouyé,MID,BHA,4.5,4.0,20,1,4.0,3.7,26259,33140,236,3,1.14,2,0,1.46,0.45,0.56,0.73,1,0.38,4,0,19,1,96,109.2,70.3,111.0,29.1,605,7.25,2.51,6.57,1.91,SUN(A) (3),17,2,False,4.320781040801881,2.3768871355543277,1.0766137081237528,2.207743703817965,SUN,CRY,LIV,MCI,BRE,4.470907967996101,1.8531075465657127,5.8026099098988055,2.5254222477491615,3.7272671447957615,2.3502440596472924,3.6661478005382784,1.6536291711706221,4.346411536582968,1.822033081853601,22.013344359811917,10.204436106986389
Hadjam,DEF,BHA,4.5,0.0,0,0,0.0,0.0,248,256,0,0,0.0,0,0,0.0,0.0,0.0,0.0,0,0.0,0,0,0,0,0,0.0,0.0,0.0,0.0,614,0.0,0.0,0.0,0.0,SUN(A) (3),17,0,False,0.0,0.0,1.0766137081237528,0.0,SUN,CRY,LIV,MCI,BRE,0.0,0.0,0.0,0.0,0.0,0.0,0.0,0.0,0.0,0.0,0.0,0.0
Cozier-Duberry,MID,BHA,5.0,0.0,0,0,0.0,0.0,0,5,0,0,0.0,0,0,0.0,0.0,0.0,0.0,0,0.0,0,0,0,0,0,0.0,0.0,0.0,0.0,624,0.0,0.0,0.0,0.0,SUN(A) (3),17,0,False,0.0,0.0,1.0766137081237528,0.0,SUN,CRY,LIV,MCI,BRE,0.0,0.0,0.0,0.0,0.0,0.0,0.0,0.0,0.0,0.0,0.0,0.0
Andrés,MID,BHA,5.5,0.0,12,8,6.0,4.0,2761,313,109,1,0.83,1,1,0.52,0.12,0.43,0.53,1,0.83,0,0,13,0,37,52.2,17.9,39.0,10.9,639,10.73,1.4,1.7,0.64,SUN(A) (3),17,2,False,1.4281040411012071,1.2920887994539672,1.0766137081237528,1.200141508234861,SUN,CRY,LIV,MCI,BRE,1.4777239754092837,1.007359360604546,1.9178779445214575,1.372833295867687,1.2319358980428037,1.2776054782025972,1.2117347395718414,0.8989218287058509,1.436575429550367,0.9904671122504047,7.275847987095754,5.547187075631086
Azeez,MID,BHA,5.5,0.0,0,0,0.0,0.0,19,45,0,0,0.0,0,0,0.0,0.0,0.0,0.0,0,0.0,0,0,0,0,0,0.0,0.0,0.0,0.0,652,0.0,0.0,0.0,0.0,SUN(A) (3),17,0,False,0.0,0.0,1.0766137081237528,0.0,SUN,CRY,LIV,MCI,BRE,0.0,0.0,0.0,0.0,0.0,0.0,0.0,0.0,0.0,0.0,0.0,0.0
Ibrahim,MID,BHA,4.5,0.0,0,0,0.0,0.0,313,220,0,0,0.0,0,0,0.0,0.0,0.0,0.0,0,0.0,0,0,0,0,0,0.0,0.0,0.0,0.0,658,0.0,0.0,0.0,0.0,SUN(A) (3),17,0,False,0.0,0.0,1.0766137081237528,0.0,SUN,CRY,LIV,MCI,BRE,0.0,0.0,0.0,0.0,0.0,0.0,0.0,0.0,0.0,0.0,0.0,0.0
Martinez,GKP,CHE,5.0,4.7,9,2,2.2,2.3,7697,22118,360,4,1.0,0,0,0.0,0.01,0.0,0.0,0,0.0,10,0,0,0,61,145.0,30.0,0.0,17.5,28,0.0,1.87,7.49,0.01,BOU(H) (3),15,0,False,0.18380216210366254,2.1522384479294727,1.176161907652238,1.8298828026369278,BOU,EVE,TOT,MUN,SUN,0.17687126716718132,1.851960295616843,0.1690184889158015,1.7820916330789809,0.20669151211437334,2.258350403323274,0.14224081931015553,1.314618140629781,0.1901884273524,1.535943517824614,0.8850105148599117,8.742963990473491
Rogers,MID,CHE,7.7,40.5,29,2,5.8,5.3,150021,70854,437,5,1.03,3,1,1.72,1.23,0.35,0.6,0,0.0,12,0,31,2,135,159.0,140.1,140.0,43.9,40,6.38,1.8,8.73,2.95,BOU(H) (3),15,4,False,6.642069031001332,3.5935616811545517,1.176161907652238,3.055329081629363,BOU,EVE,TOT,MUN,SUN,6.391606892320056,3.0921915551461363,6.107830604632028,2.9755328509718266,7.469222754906644,3.7707352918120454,5.140164457648751,2.19499906251681,6.872849856139155,2.5645428718096785,31.981674565646635,14.598001632256496
Henderson,MID,CHE,4.9,0.0,2,2,2.0,0.7,514,160,90,1,1.0,0,0,0.0,0.08,0.0,0.08,0,0.0,3,0,10,0,16,16.6,10.4,0.0,2.7,101,10.0,2.65,2.65,0.08,BOU(H) (3),15,0,False,0.1873334842113087,0.6443041625741368,1.176161907652238,0.5478022697234313,BOU,EVE,TOT,MUN,SUN,0.1802694285859931,0.5544114912248153,0.17226577784688976,0.533495281801115,0.21066259873184548,0.676070333569214,0.14497363890319362,0.393550231861203,0.19384244638265055,0.4598072313805215,0.9020138904505725,2.617334569836869
Welbeck,FWD,CHE,5.9,1.0,4,2,1.3,1.3,7659,9349,85,1,1.06,0,0,0.0,0.14,0.0,0.15,0,0.0,1,0,5,0,15,14.4,32.7,14.0,6.1,136,5.29,2.11,1.99,0.14,BOU(H) (3),15,0,False,0.5625004134679289,0.4126945263378945,1.176161907652238,0.35088241138644155,BOU,EVE,TOT,MUN,SUN,0.5412893938430636,0.35511579942801275,0.5172570812591569,0.3417183923611215,0.6325500184218437,0.43304163202786194,0.43530782640551496,0.25207974115709575,0.582044671281962,0.2945191705780548,2.708448991211541,1.6764747355521468
Sánchez,GKP,CHE,4.9,0.7,2,0,2.0,0.0,0,4878,90,1,1.0,0,0,0.0,0.01,0.0,0.01,0,0.0,2,0,0,0,6,21.4,0.0,0.0,2.1,140,0.0,1.33,1.33,0.01,BOU(H) (3),15,0,False,0.016151838155318687,0.31764070886683254,1.176161907652238,0.27006546190641556,BOU,EVE,TOT,MUN,SUN,0.015542777347740016,0.2733237953531065,0.014852704924574729,0.2630121444682082,0.018163267578248612,0.33330136986977976,0.012499584696298744,0.194019504892947,0.016713038967833438,0.22668407780308095,0.07777137351469554,1.2903408923871225
Jörgensen,GKP,CHE,5.0,0.0,0,0,0.0,0.0,0,33,0,0,0.0,0,0,0.0,0.0,0.0,0.0,0,0.0,0,0,0,0,0,0.0,0.0,0.0,0.0,141,0.0,0.0,0.0,0.0,BOU(H) (3),15,0,False,0.0,0.0,1.176161907652238,0.0,BOU,EVE,TOT,MUN,SUN,0.0,0.0,0.0,0.0,0.0,0.0,0.0,0.0,0.0,0.0,0.0,0.0
James,DEF,CHE,5.4,5.8,3,0,0.8,0.7,632,78331,292,3,0.92,0,0,0.33,0.26,0.1,0.18,0,0.0,7,0,13,0,24,56.2,42.6,49.0,14.8,142,4.01,1.51,4.9,0.59,BOU(H) (3),15,0,False,1.6439433465248428,1.351460894569263,1.176161907652238,1.149043244621774,BOU,EVE,TOT,MUN,SUN,1.5819527883840472,1.1629064243457432,1.5117168215687602,1.119033606597962,1.8486677862469614,1.4180920609713694,1.272214895803519,0.8254917154099296,1.7010626869321859,0.9644691565676995,7.915614978935475,5.489992963892703
Chalobah,DEF,CHE,5.5,0.1,0,0,0.0,0.0,0,323,0,0,0.0,0,0,0.0,0.0,0.0,0.0,0,0.0,0,0,0,0,0,0.0,0.0,0.0,0.0,143,0.0,0.0,0.0,0.0,BOU(H) (3),15,0,False,0.0,0.0,1.176161907652238,0.0,BOU,EVE,TOT,MUN,SUN,0.0,0.0,0.0,0.0,0.0,0.0,0.0,0.0,0.0,0.0,0.0,0.0
Gusto,DEF,CHE,4.9,1.0,4,0,1.0,0.7,1584,6929,272,3,0.99,0,0,0.08,0.12,0.03,0.07,0,0.0,7,0,15,0,12,32.0,37.2,13.0,8.2,144,4.96,1.16,3.5,0.2,BOU(H) (3),15,0,False,0.6530264685441242,1.0718417126908553,1.176161907652238,0.9113045625073689,BOU,EVE,TOT,MUN,SUN,0.6284018515514903,0.9222994306225993,0.6005018965614806,0.8875039612869192,0.7343495130267822,1.1246867959648226,0.5053641309428472,0.6546963050226421,0.675716083262677,0.7649191158746081,3.1443334753452774,4.354105608771592
Fofana,DEF,CHE,5.0,0.2,8,4,2.0,2.7,2514,1302,312,4,1.15,0,0,0.0,0.08,0.0,0.02,0,0.0,7,0,47,0,35,100.4,29.2,4.0,13.4,145,13.56,1.63,5.65,0.08,BOU(H) (3),15,0,False,0.3362903042255392,3.3604164362685225,1.176161907652238,2.8571036133760885,BOU,EVE,TOT,MUN,SUN,0.32360931755994177,2.8915745012801137,0.3092416237474891,2.782484450315638,0.3781693898169562,3.526095271405477,0.2602483444787997,2.0525906000048577,0.3479748190254884,2.398158924929243,1.6192434946286751,13.65090374793533
B.Badiashile,DEF,CHE,4.5,0.0,0,0,0.0,0.0,0,43,0,0,0.0,0,0,0.0,0.0,0.0,0.0,0,0.0,0,0,0,0,0,0.0,0.0,0.0,0.0,146,0.0,0.0,0.0,0.0,BOU(H) (3),15,0,False,0.0,0.0,1.176161907652238,0.0,BOU,EVE,TOT,MUN,SUN,0.0,0.0,0.0,0.0,0.0,0.0,0.0,0.0,0.0,0.0,0.0,0.0
Hato,DEF,CHE,4.5,0.8,8,0,2.0,1.0,823,7391,258,4,1.4,0,2,0.01,0.21,0.0,0.07,0,0.0,9,0,18,0,14,77.0,47.1,15.0,14.0,148,6.28,1.68,4.81,0.22,BOU(H) (3),15,2,False,0.780591444932794,1.8591507730916308,1.176161907652238,1.5806928969521903,BOU,EVE,TOT,MUN,SUN,0.7511565502001958,1.5997639195802924,0.7178064989721572,1.5394098365570523,0.8778004798752462,1.9508126073528103,0.6040841163289357,1.1355959813948227,0.8077133457917433,1.326781696208358,3.7585609911682782,7.552364041093336
Colwill,DEF,CHE,4.8,0.9,3,1,0.8,0.7,1080,5439,341,4,1.06,0,0,0.01,0.05,0.0,0.01,0,0.0,9,0,26,0,17,61.6,16.6,13.0,9.2,149,6.86,1.76,6.67,0.06,BOU(H) (3),15,0,False,0.329769563263578,1.9488961811742693,1.176161907652238,1.6569965142507486,BOU,EVE,TOT,MUN,SUN,0.31733446364304085,1.676988138227103,0.3032453624881658,1.6137206272620468,0.37083660442363875,2.0449827392612057,0.25520207338860684,1.1904137649992188,0.3412275128211776,1.3908284462009826,1.58784601676463,7.916933715950558
M.Sarr,DEF,CHE,4.5,0.0,0,0,0.0,0.0,0,172,0,0,0.0,0,0,0.0,0.0,0.0,0.0,0,0.0,0,0,0,0,0,0.0,0.0,0.0,0.0,150,0.0,0.0,0.0,0.0,BOU(H) (3),15,0,False,0.0,0.0,1.176161907652238,0.0,BOU,EVE,TOT,MUN,SUN,0.0,0.0,0.0,0.0,0.0,0.0,0.0,0.0,0.0,0.0,0.0,0.0
Acheampong,DEF,CHE,4.5,0.3,5,0,1.2,0.3,427,1957,221,2,0.81,0,0,0.0,0.03,0.0,0.01,0,0.0,7,0,20,0,5,43.0,5.5,6.0,5.4,151,8.14,1.92,4.72,0.03,BOU(H) (3),15,0,False,0.14503533269972155,1.4340699581807481,1.176161907652238,1.2192793771423238,BOU,EVE,TOT,MUN,SUN,0.13956627487409906,1.2339899541533894,0.1333697737379282,1.1874353774241198,0.1630969509967441,1.5047740047423457,0.11223994492782031,0.8759505173649705,0.1500746319901016,1.0234230591381548,0.6983475765266933,5.825572912822981
Palestra,DEF,CHE,5.3,0.6,0,0,0.0,0.0,231,3855,0,0,0.0,0,0,0.0,0.0,0.0,0.0,0,0.0,0,0,0,0,0,0.0,0.0,0.0,0.0,152,0.0,0.0,0.0,0.0,BOU(H) (3),15,0,False,0.0,0.0,1.176161907652238,0.0,BOU,EVE,TOT,MUN,SUN,0.0,0.0,0.0,0.0,0.0,0.0,0.0,0.0,0.0,0.0,0.0,0.0
Palmer,MID,CHE,9.7,25.6,28,2,5.6,2.7,48768,170166,442,5,1.02,2,2,1.31,0.79,0.27,0.43,0,0.0,12,0,29,3,148,151.0,145.3,144.0,44.1,154,5.9,1.78,8.73,2.1,BOU(H) (3),15,4,True,5.447480618796356,3.395235497354828,1.176161907652238,2.8867075827443944,BOU,EVE,TOT,MUN,SUN,5.24206455945696,2.921535641842643,5.009325962486752,2.811315250868088,6.1258692140832265,3.562631018977147,4.215696363554074,2.073858582364242,5.636755085270637,2.423007524406545,26.22971118485165,13.792348018458664
Neto,MID,CHE,6.5,1.4,14,2,2.8,2.0,5219,9686,332,4,1.08,1,0,0.68,0.58,0.18,0.34,0,0.0,8,0,28,0,81,82.0,92.6,108.0,28.2,156,7.59,1.8,6.64,1.26,BOU(H) (3),15,1,False,3.563055387000251,2.33127585983141,1.176161907652238,1.9821045424646675,BOU,EVE,TOT,MUN,SUN,3.4286980853367677,2.0060185871557605,3.2764698224520425,1.930337787711849,4.006771722690582,2.4462149086561626,2.75737734362745,1.4239767620056432,3.6868548926039613,1.6637134461629104,17.156171866710803,9.470261491692325
Estêvão,MID,CHE,6.3,0.7,4,1,1.0,1.0,1802,4361,23,0,0.0,0,0,0.07,0.07,0.27,0.54,0,0.0,1,0,2,0,17,8.6,1.6,38.0,5.0,157,7.83,3.95,1.01,0.14,BOU(H) (3),15,0,False,0.6340898950093107,0.2072319980670178,1.176161907652238,0.1761934277234654,BOU,EVE,TOT,MUN,SUN,0.6101793468835748,0.17831919728535567,0.583088439573461,0.17159177237854728,0.7130547199004198,0.21744917105554545,0.49070949519922763,0.12658027935517333,0.6561215523887798,0.1478909757527523,3.053153553945463,0.8418313958273741
Gittens,MID,CHE,5.8,0.0,0,0,0.0,0.0,155,258,0,0,0.0,0,0,0.0,0.0,0.0,0.0,0,0.0,0,0,0,0,0,0.0,0.0,0.0,0.0,158,0.0,0.0,0.0,0.0,BOU(H) (3),15,0,False,0.0,0.0,1.176161907652238,0.0,BOU,EVE,TOT,MUN,SUN,0.0,0.0,0.0,0.0,0.0,0.0,0.0,0.0,0.0,0.0,0.0,0.0
Caicedo,MID,CHE,5.3,1.0,1,0,1.0,0.0,413,8990,13,0,0.0,0,0,0.0,0.0,0.0,0.0,0,0.0,0,0,0,0,3,0.0,0.1,0.0,0.0,159,0.0,0.48,0.07,0.0,BOU(H) (3),15,0,False,0.0005588344131611463,0.0,1.176161907652238,0.0,BOU,EVE,TOT,MUN,SUN,0.000537761632731471,0.0,0.0005138859466374227,0.0,0.0006284274817870825,0.0,0.0004324707820461894,0.0,0.000578251294615222,0.0,0.0026907971378173877,0.0
Lavia,MID,CHE,5.0,0.2,11,0,2.8,1.0,435,2472,258,4,1.4,1,0,0.75,0.11,0.26,0.3,0,0.0,8,0,31,0,61,65.8,29.1,66.0,16.1,161,10.81,1.77,5.06,0.86,BOU(H) (3),15,1,False,2.083225811855747,2.2101918649681593,1.176161907652238,1.8791561353827302,BOU,EVE,TOT,MUN,SUN,2.004670592125553,1.901828109963448,1.9156666861822296,1.8300780909514054,2.342655212539403,2.319161101538051,1.6121668150960276,1.3500169197120124,2.155608162831705,1.5773019348355128,10.030767468774918,8.978386157000429
D.Essugo,MID,CHE,4.5,0.1,0,0,0.0,0.0,0,728,0,0,0.0,0,0,0.0,0.0,0.0,0.0,0,0.0,0,0,0,0,0,0.0,0.0,0.0,0.0,163,0.0,0.0,0.0,0.0,BOU(H) (3),15,0,False,0.0,0.0,1.176161907652238,0.0,BOU,EVE,TOT,MUN,SUN,0.0,0.0,0.0,0.0,0.0,0.0,0.0,0.0,0.0,0.0,0.0,0.0
Quenda,MID,CHE,5.3,0.0,2,1,1.0,0.3,72,182,27,0,0.0,0,0,0.03,0.01,0.1,0.13,0,0.0,2,0,1,0,5,1.6,2.1,8.0,1.2,164,3.33,4.3,1.29,0.04,BOU(H) (3),15,0,False,0.15642532540390952,0.06353983483068423,1.176161907652238,0.054023034088493356,BOU,EVE,TOT,MUN,SUN,0.15052676858950206,0.054674820724295234,0.14384364049548082,0.05261211095263054,0.1759053684171689,0.06667254353485658,0.1210544326119568,0.0388110432658597,0.1618603736547893,0.045345160303090236,0.7531905837688979,0.25811567878073227
João Pedro,FWD,CHE,7.7,65.1,33,0,8.2,4.3,63887,396343,360,4,1.0,3,3,2.17,0.19,0.54,0.59,0,0.0,9,1,9,7,141,158.4,90.0,123.0,37.0,165,2.25,1.54,6.17,2.36,BOU(H) (3),15,6,True,5.106934991294785,2.7092539376268068,1.176161907652238,2.303470228035872,BOU,EVE,TOT,MUN,SUN,4.914360380272848,2.331261542165729,4.69617128188655,2.243310344527973,5.742914574776319,2.8428284647692363,3.952154909449769,1.6548511980181748,5.284377090393016,1.9334572466363942,24.5899782367785,11.005708796117506
Marc Guiu,FWD,CHE,5.0,0.2,0,0,0.0,0.0,0,1556,0,0,0.0,0,0,0.0,0.0,0.0,0.0,0,0.0,0,0,0,0,0,0.0,0.0,0.0,0.0,168,0.0,0.0,0.0,0.0,BOU(H) (3),15,0,False,0.0,0.0,1.176161907652238,0.0,BOU,EVE,TOT,MUN,SUN,0.0,0.0,0.0,0.0,0.0,0.0,0.0,0.0,0.0,0.0,0.0,0.0
Mheuka,FWD,CHE,4.5,0.5,0,0,0.0,0.0,4553,3556,0,0,0.0,0,0,0.0,0.0,0.0,0.0,0,0.0,0,0,0,0,0,0.0,0.0,0.0,0.0,169,0.0,0.0,0.0,0.0,BOU(H) (3),15,0,False,0.0,0.0,1.176161907652238,0.0,BOU,EVE,TOT,MUN,SUN,0.0,0.0,0.0,0.0,0.0,0.0,0.0,0.0,0.0,0.0,0.0,0.0
Emegha,FWD,CHE,4.9,0.1,0,0,0.0,0.0,80,1102,0,0,0.0,0,0,0.0,0.0,0.0,0.0,0,0.0,0,0,0,0,0,0.0,0.0,0.0,0.0,170,0.0,0.0,0.0,0.0,BOU(H) (3),15,0,False,0.0,0.0,1.176161907652238,0.0,BOU,EVE,TOT,MUN,SUN,0.0,0.0,0.0,0.0,0.0,0.0,0.0,0.0,0.0,0.0,0.0,0.0
Lacroix,DEF,CHE,5.9,6.8,13,3,2.6,2.0,7986,29456,364,4,0.99,0,1,0.15,0.22,0.04,0.09,0,0.0,10,0,47,0,28,116.2,13.9,14.0,14.4,200,11.62,1.96,7.93,0.37,BOU(H) (3),15,1,False,0.7903845684978671,3.594936211973941,1.176161907652238,3.0564977394565265,BOU,EVE,TOT,MUN,SUN,0.7605803902391522,3.093374312802501,0.7268119368178821,2.9766709868856234,0.8888131659874273,3.7721775912158755,0.6116628189054373,2.1958386456734824,0.8178467345853883,2.565523804802546,3.8057150465352874,14.603585341380029
Penders,GKP,CHE,4.4,0.1,0,0,0.0,0.0,245,299,0,0,0.0,0,0,0.0,0.0,0.0,0.0,0,0.0,0,0,0,0,0,0.0,0.0,0.0,0.0,560,0.0,0.0,0.0,0.0,BOU(H) (3),15,0,False,0.0,0.0,1.176161907652238,0.0,BOU,EVE,TOT,MUN,SUN,0.0,0.0,0.0,0.0,0.0,0.0,0.0,0.0,0.0,0.0,0.0,0.0
Anselmino,DEF,CHE,4.5,0.0,0,0,0.0,0.0,66,103,0,0,0.0,0,0,0.0,0.0,0.0,0.0,0,0.0,0,0,0,0,0,0.0,0.0,0.0,0.0,561,0.0,0.0,0.0,0.0,BOU(H) (3),15,0,False,0.0,0.0,1.176161907652238,0.0,BOU,EVE,TOT,MUN,SUN,0.0,0.0,0.0,0.0,0.0,0.0,0.0,0.0,0.0,0.0,0.0,0.0
Barco,MID,CHE,5.4,0.1,3,2,1.0,0.7,237,449,115,1,0.78,0,0,0.07,0.11,0.05,0.14,0,0.0,3,0,12,0,29,12.8,7.2,11.0,3.0,568,9.39,2.21,2.83,0.18,BOU(H) (3),15,0,False,0.43369430997304853,0.6674826657837376,1.176161907652238,0.5675091681179456,BOU,EVE,TOT,MUN,SUN,0.41734036906958066,0.5743561528850064,0.39881117873729965,0.5526874938335977,0.4877033637568016,0.7003916080647001,0.33562735756028267,0.40770799436251925,0.4487631582861275,0.4763485545744792,2.088245427410092,2.7114918037203024
Chavarria,DEF,CHE,4.9,0.1,5,1,1.0,1.0,422,551,208,1,0.43,0,0,0.04,0.07,0.02,0.05,0,0.0,4,0,16,0,17,30.8,31.4,12.0,7.5,583,6.92,1.77,4.1,0.11,BOU(H) (3),15,0,False,0.4745528090294181,1.0938210809408324,1.176161907652238,0.9299919286828733,BOU,EVE,TOT,MUN,SUN,0.45665815739120763,0.9412122594315347,0.43638332528245544,0.9057032682904383,0.5336500754604526,1.1477498144699885,0.3672469332771529,0.6681216186763406,0.4910412990357874,0.7806046772128092,2.284979790447056,4.443391638081112
Nicoll-Jazuli,MID,CHE,4.5,0.0,1,1,1.0,1.0,340,73,3,0,0.0,0,0,0.0,0.0,0.0,0.0,0,0.0,1,0,2,0,5,4.6,1.7,0.0,0.6,662,60.0,12.9,0.43,0.0,BOU(H) (3),15,0,False,0.009500185023739486,0.147859902951722,1.176161907652238,0.1257139021334812,BOU,EVE,TOT,MUN,SUN,0.009141947756435008,0.12723063740627033,0.008736061092836185,0.12243062387981675,0.010683267190380402,0.15514984958455857,0.007352003294785218,0.09031495133780004,0.009830272008458771,0.10552012008862502,0.04574355134289558,0.6006461822970707
Pinnock,DEF,COV,4.5,0.1,14,8,3.5,4.3,397,230,282,3,0.96,0,0,0.12,0.0,0.04,0.04,1,0.32,7,0,44,0,15,90.8,1.7,10.0,10.3,91,14.04,2.1,6.57,0.12,NEW(H) (3),14,0,False,0.2822243164429243,3.0985504176381147,1.064520414223448,2.9107477660712235,NEW,TOT,FUL,SUN,EVE,0.29896960481316914,4.059933748064342,0.3173704272756813,3.592300218356405,0.3473161160077219,2.631412731704989,0.29203029110513534,2.443186064635979,0.2595243002287161,2.8347275751451897,1.5152107394304237,15.561560337906904
Onyeka,MID,COV,4.9,0.1,9,3,2.2,2.3,175,449,314,4,1.15,0,0,0.03,0.02,0.01,0.02,1,0.29,7,0,28,0,34,19.4,4.7,21.0,4.5,104,8.03,1.81,6.31,0.05,NEW(H) (3),14,0,False,0.3297686969062066,1.4021025712770303,1.064520414223448,1.317121355817158,NEW,TOT,FUL,SUN,EVE,0.34933494830074596,1.8371311678428321,0.3708356301765838,1.6255257117280855,0.4058260621690766,1.1907214858317612,0.3412266163619406,1.1055484021930144,0.30324456581411097,1.2827220107041581,1.770467822822458,7.041648778299852
Rushworth,GKP,COV,4.5,0.8,16,11,3.2,4.3,2584,5936,450,5,1.0,0,1,0.0,0.02,0.0,0.0,1,0.2,10,0,0,2,56,90.6,10.0,0.0,10.1,110,0.0,1.73,8.63,0.02,NEW(H) (3),14,1,False,0.08818711762675199,1.34477795436145,1.064520414223448,1.2632711748815506,NEW,TOT,FUL,SUN,EVE,0.09341954668819082,1.7620205143302687,0.09916928333520547,1.5590664949631037,0.10852646420434803,1.1420391323244228,0.09125120739718906,1.0603483291486973,0.08109400451289171,1.2302782384872466,0.4734605061378251,6.753752709253739
Dovin,GKP,COV,4.0,1.0,0,0,0.0,0.0,0,4786,0,0,0.0,0,0,0.0,0.0,0.0,0.0,0,0.0,0,0,0,0,0,0.0,0.0,0.0,0.0,171,0.0,0.0,0.0,0.0,NEW(H) (3),14,0,False,0.0,0.0,1.064520414223448,0.0,NEW,TOT,FUL,SUN,EVE,0.0,0.0,0.0,0.0,0.0,0.0,0.0,0.0,0.0,0.0,0.0,0.0
Wilson,GKP,COV,4.4,0.4,0,0,0.0,0.0,243,689,0,0,0.0,0,0,0.0,0.0,0.0,0.0,0,0.0,0,0,0,0,0,0.0,0.0,0.0,0.0,172,0.0,0.0,0.0,0.0,NEW(H) (3),14,0,False,0.0,0.0,1.064520414223448,0.0,NEW,TOT,FUL,SUN,EVE,0.0,0.0,0.0,0.0,0.0,0.0,0.0,0.0,0.0,0.0,0.0,0.0
Thomas,DEF,COV,4.0,8.5,24,9,4.8,4.3,26371,32160,437,5,1.03,0,0,0.49,0.3,0.1,0.16,2,0.41,9,0,52,3,78,94.8,33.7,56.0,18.4,173,10.71,1.67,8.09,0.79,NEW(H) (3),14,0,True,1.9529446902287912,3.476250487029938,1.064520414223448,3.2655554938942264,NEW,TOT,FUL,SUN,EVE,2.0688192627007673,4.554822341659981,2.196149851988503,4.030186280828066,2.4033689695386022,2.9521707112124185,2.0208003817243045,2.741000016894838,1.7958644049706254,3.180268766195223,10.485002870922804,17.458448116790525
Kitching,DEF,COV,4.0,0.3,0,0,0.0,0.0,0,1832,0,0,0.0,0,0,0.0,0.0,0.0,0.0,0,0.0,0,0,0,0,0,0.0,0.0,0.0,0.0,174,0.0,0.0,0.0,0.0,NEW(H) (3),14,0,False,0.0,0.0,1.064520414223448,0.0,NEW,TOT,FUL,SUN,EVE,0.0,0.0,0.0,0.0,0.0,0.0,0.0,0.0,0.0,0.0,0.0,0.0
van Ewijk,DEF,COV,4.0,8.7,6,0,1.5,1.0,1175,76498,360,4,1.0,0,0,0.0,0.3,0.0,0.08,0,0.0,10,0,27,0,7,61.6,52.7,14.0,12.8,175,6.75,1.88,7.53,0.3,NEW(H) (3),14,0,False,0.932696706585257,1.9886871779588353,1.064520414223448,1.868153162106857,NEW,TOT,FUL,SUN,EVE,0.9880366415369867,2.6057146406842437,1.048847796031238,2.30558177880792,1.147812497616227,1.6888725546212893,0.9651035536903413,1.5680664004857054,0.857677549379837,1.8193624830525448,5.0074780382546304,9.987597857651703
Dasilva,DEF,COV,4.0,0.7,20,15,4.0,5.7,6453,1794,444,5,1.01,1,0,0.5,0.52,0.1,0.21,1,0.2,10,0,23,3,54,110.6,67.7,35.0,21.5,176,4.66,1.75,8.63,1.02,NEW(H) (3),14,1,False,2.2814171121333793,2.556831355982945,1.064520414223448,2.401862211208149,NEW,TOT,FUL,SUN,EVE,2.4167810237799174,3.350136196323993,2.5655277787456376,2.9642589599685385,2.8075997857539834,2.1713632751164225,2.360685683592703,2.016044245400245,2.0979169584629807,2.339132617801806,12.248511230335222,12.840935294611004
Kesler-Hayden,DEF,COV,3.9,0.0,0,0,0.0,0.0,1032,574,0,0,0.0,0,0,0.0,0.0,0.0,0.0,0,0.0,0,0,0,0,0,0.0,0.0,0.0,0.0,177,0.0,0.0,0.0,0.0,NEW(H) (3),14,0,False,0.0,0.0,1.064520414223448,0.0,NEW,TOT,FUL,SUN,EVE,0.0,0.0,0.0,0.0,0.0,0.0,0.0,0.0,0.0,0.0,0.0,0.0
Bidwell,DEF,COV,4.0,0.1,0,0,0.0,0.0,182,300,0,0,0.0,0,0,0.0,0.0,0.0,0.0,0,0.0,0,0,0,0,0,0.0,0.0,0.0,0.0,178,0.0,0.0,0.0,0.0,NEW(H) (3),14,0,False,0.0,0.0,1.064520414223448,0.0,NEW,TOT,FUL,SUN,EVE,0.0,0.0,0.0,0.0,0.0,0.0,0.0,0.0,0.0,0.0,0.0,0.0
Latibeaudiere,DEF,COV,4.0,0.0,1,1,1.0,0.3,73,137,1,0,0.0,0,0,0.0,0.0,0.0,0.0,0,0.0,0,0,2,0,3,7.0,0.0,0.0,0.7,179,180.0,1.8,0.02,0.0,NEW(H) (3),14,0,False,0.0,0.18348316002089948,1.064520414223448,0.1723622746631381,NEW,TOT,FUL,SUN,EVE,0.0,0.2404122486856825,0.0,0.21272095237043873,0.0,0.15582122549436864,0.0,0.14467523171694632,0.0,0.16786067779477634,0.0,0.9214903360622124
Woolfenden,DEF,COV,4.0,0.1,0,0,0.0,0.0,33,509,0,0,0.0,0,0,0.0,0.0,0.0,0.0,0,0.0,0,0,0,0,0,0.0,0.0,0.0,0.0,180,0.0,0.0,0.0,0.0,NEW(H) (3),14,0,False,0.0,0.0,1.064520414223448,0.0,NEW,TOT,FUL,SUN,EVE,0.0,0.0,0.0,0.0,0.0,0.0,0.0,0.0,0.0,0.0,0.0,0.0
Brau,DEF,COV,4.0,0.0,0,0,0.0,0.0,0,102,0,0,0.0,0,0,0.0,0.0,0.0,0.0,0,0.0,0,0,0,0,0,0.0,0.0,0.0,0.0,181,0.0,0.0,0.0,0.0,NEW(H) (3),14,0,False,0.0,0.0,1.064520414223448,0.0,NEW,TOT,FUL,SUN,EVE,0.0,0.0,0.0,0.0,0.0,0.0,0.0,0.0,0.0,0.0,0.0,0.0
Amenda,DEF,COV,4.0,0.6,4,0,1.0,0.7,37,6853,360,4,1.0,0,0,0.02,0.39,0.0,0.1,0,0.0,10,0,24,0,-3,62.8,14.5,15.0,9.4,182,6.0,1.88,7.53,0.41,NEW(H) (3),14,0,False,0.9027265343354425,1.8871258161397262,1.064520414223448,1.7727474183915553,NEW,TOT,FUL,SUN,EVE,0.9562882413047135,2.472641963214927,1.0151453621221704,2.1878367519196824,1.1109300490976808,1.6026225910838836,0.9340920581647444,1.4879859530321375,0.8301179539527003,1.7264484574233028,4.846573664642009,9.477535716673932
Rudoni,MID,COV,4.9,0.1,13,5,2.6,3.0,918,681,297,4,1.21,0,0,0.92,1.11,0.28,0.62,2,0.61,4,0,34,0,51,51.2,140.8,80.0,27.2,183,10.3,1.36,4.49,2.03,NEW(H) (3),14,0,False,4.707157855134964,2.1128567081510274,1.064520414223448,1.9847967966798699,NEW,TOT,FUL,SUN,EVE,4.986448869750421,2.7684100944160708,5.293352176620065,2.449537554993944,5.792809791467219,1.7943222774263878,4.870709569034911,1.6659732359178703,4.328549232812335,1.9329597281465698,25.271869639684954,10.611202890900842
Grimes,MID,COV,4.9,0.1,11,3,2.2,2.3,186,868,443,5,1.02,0,0,0.12,0.13,0.02,0.05,1,0.2,9,0,38,0,62,64.4,48.0,6.0,11.8,184,7.72,1.71,8.42,0.25,NEW(H) (3),14,0,False,0.7070425954157429,2.4679486091697673,1.064520414223448,2.318366633645161,NEW,TOT,FUL,SUN,EVE,0.7489937366196843,3.233675911749199,0.7950924053511932,2.861212868167818,0.8701138554851539,2.0958804976661236,0.7316090178386416,1.945960800198132,0.6501733696085503,2.25781769973182,3.7959823849032235,12.394547777513091
Sakamoto,MID,COV,4.8,0.1,1,0,1.0,0.0,129,386,31,0,0.0,0,0,0.02,0.02,0.06,0.12,0,0.0,1,0,4,0,8,6.2,5.9,7.0,1.9,185,11.61,2.0,0.69,0.04,NEW(H) (3),14,0,False,0.16925686237692242,0.25119073456697216,1.064520414223448,0.23596610380667254,NEW,TOT,FUL,SUN,EVE,0.17929942357386874,0.32912736699856043,0.1903348492750041,0.29121763696259706,0.20829401516256216,0.21332120118597242,0.1751377465076458,0.19806219668599154,0.15564310446708915,0.2298033615476043,0.90870913898617,1.2615317633807257
Mason-Clark,MID,COV,5.3,0.1,5,1,1.2,1.3,73,364,231,4,1.56,0,0,0.51,0.12,0.2,0.25,0,0.0,3,0,15,0,19,15.4,51.6,52.0,11.7,186,5.84,1.23,3.16,0.63,NEW(H) (3),14,0,False,1.7455110556438567,0.8254475179623776,1.064520414223448,0.7754172742328568,NEW,TOT,FUL,SUN,EVE,1.8490779146183136,1.0815580783694074,1.9628839801128524,0.9569814588585207,2.148093147804175,0.7010029902228191,1.8061593987773745,0.6508597896274653,1.6051151827276104,0.7551656502612989,9.371329624040326,4.145567967339511
Eccles,MID,COV,4.8,0.0,0,0,0.0,0.0,20,89,0,0,0.0,0,0,0.0,0.0,0.0,0.0,0,0.0,0,0,0,0,0,0.0,0.0,0.0,0.0,187,0.0,0.0,0.0,0.0,NEW(H) (3),14,0,False,0.0,0.0,1.064520414223448,0.0,NEW,TOT,FUL,SUN,EVE,0.0,0.0,0.0,0.0,0.0,0.0,0.0,0.0,0.0,0.0,0.0,0.0
Torp,MID,COV,5.3,0.1,3,0,1.0,0.3,43,440,53,0,0.0,0,0,0.0,0.12,0.0,0.2,0,0.0,2,0,3,0,13,7.2,20.4,0.0,2.7,188,5.09,2.07,1.22,0.12,NEW(H) (3),14,0,False,0.30782427814869806,0.2262427615612302,1.064520414223448,0.21253022350564407,NEW,TOT,FUL,SUN,EVE,0.3260884956687531,0.2964388178707988,0.3461584172235482,0.26229423834177024,0.37882041507613295,0.19213438640192168,0.3185197317155065,0.17839088856669208,0.28306519220893095,0.20697955767441711,1.6526522518928715,1.1362378888555997
Shepherd,MID,COV,4.4,0.3,0,0,0.0,0.0,4065,2280,0,0,0.0,0,0,0.0,0.0,0.0,0.0,0,0.0,0,0,0,0,0,0.0,0.0,0.0,0.0,189,0.0,0.0,0.0,0.0,NEW(H) (3),14,0,False,0.0,0.0,1.064520414223448,0.0,NEW,TOT,FUL,SUN,EVE,0.0,0.0,0.0,0.0,0.0,0.0,0.0,0.0,0.0,0.0,0.0,0.0
Tchaouna,MID,COV,5.4,0.1,5,1,1.2,0.7,24,349,211,2,0.85,0,0,0.23,0.18,0.1,0.18,0,0.0,3,0,18,0,32,25.4,50.5,46.0,12.3,190,7.68,1.38,3.23,0.41,NEW(H) (3),14,0,False,1.3901343841926166,1.0932507461043148,1.064520414223448,1.0269889910019483,NEW,TOT,FUL,SUN,EVE,1.4726155871948596,1.4324522763740333,1.5632513492899203,1.267458767684802,1.710752925658014,0.9284321842462461,1.4384350505571253,0.8620208252318654,1.2783223565869708,1.0001670519507744,7.463377269286889,5.4905311054877215
Borges Rodrigues,MID,COV,4.5,0.1,0,0,0.0,0.0,0,682,0,0,0.0,0,0,0.0,0.0,0.0,0.0,0,0.0,0,0,0,0,0,0.0,0.0,0.0,0.0,191,0.0,0.0,0.0,0.0,NEW(H) (3),14,0,False,0.0,0.0,1.064520414223448,0.0,NEW,TOT,FUL,SUN,EVE,0.0,0.0,0.0,0.0,0.0,0.0,0.0,0.0,0.0,0.0,0.0,0.0
Andrews,MID,COV,4.5,0.3,0,0,0.0,0.0,0,1979,0,0,0.0,0,0,0.0,0.0,0.0,0.0,0,0.0,0,0,0,0,0,0.0,0.0,0.0,0.0,192,0.0,0.0,0.0,0.0,NEW(H) (3),14,0,False,0.0,0.0,1.064520414223448,0.0,NEW,TOT,FUL,SUN,EVE,0.0,0.0,0.0,0.0,0.0,0.0,0.0,0.0,0.0,0.0,0.0,0.0
Wright,FWD,COV,5.3,0.1,0,0,0.0,0.0,48,555,0,0,0.0,0,0,0.0,0.0,0.0,0.0,0,0.0,0,0,0,0,0,0.0,0.0,0.0,0.0,193,0.0,0.0,0.0,0.0,NEW(H) (3),14,0,False,0.0,0.0,1.064520414223448,0.0,NEW,TOT,FUL,SUN,EVE,0.0,0.0,0.0,0.0,0.0,0.0,0.0,0.0,0.0,0.0,0.0,0.0
Thomas-Asante,FWD,COV,5.0,0.8,9,4,1.8,2.0,8135,5945,227,2,0.79,0,0,0.34,0.06,0.13,0.15,1,0.4,6,0,27,0,43,29.8,4.5,49.0,8.4,194,10.7,1.97,4.98,0.39,NEW(H) (3),14,0,False,1.121572693301518,1.5166790217922335,1.064520414223448,1.424753345757703,NEW,TOT,FUL,SUN,EVE,1.1881192560294829,1.9872571091643476,1.2612449890221487,1.7583597640195454,1.3802505629828743,1.2880243823484783,1.1605420973236789,1.1958911591288777,1.0313617623504052,1.3875429688815242,6.02151866770859,7.617075383542773
Simms,FWD,COV,4.9,0.6,4,1,1.3,0.7,1913,5275,104,1,0.87,0,0,0.3,0.01,0.26,0.27,0,0.0,3,0,3,0,13,7.8,22.6,37.0,6.8,195,2.6,2.41,2.79,0.31,NEW(H) (3),14,0,False,0.9559465950975045,0.23514857582852455,1.064520414223448,0.2208962577763828,NEW,TOT,FUL,SUN,EVE,1.0126660216983612,0.308107827899476,1.0749930522027988,0.27261918201702257,1.1764247060802675,0.19969755946367282,0.989161267058093,0.18541306293191523,0.8790573905026233,0.2151270956776439,5.132302437542144,1.1809647279897304
Markelo,FWD,COV,5.0,0.0,0,0,0.0,0.0,0,60,0,0,0.0,0,0,0.0,0.0,0.0,0.0,0,0.0,0,0,0,0,0,0.0,0.0,0.0,0.0,196,0.0,0.0,0.0,0.0,NEW(H) (3),14,0,False,0.0,0.0,1.064520414223448,0.0,NEW,TOT,FUL,SUN,EVE,0.0,0.0,0.0,0.0,0.0,0.0,0.0,0.0,0.0,0.0,0.0,0.0
Bassette,FWD,COV,4.5,0.0,0,0,0.0,0.0,0,145,0,0,0.0,0,0,0.0,0.0,0.0,0.0,0,0.0,0,0,0,0,0,0.0,0.0,0.0,0.0,197,0.0,0.0,0.0,0.0,NEW(H) (3),14,0,False,0.0,0.0,1.064520414223448,0.0,NEW,TOT,FUL,SUN,EVE,0.0,0.0,0.0,0.0,0.0,0.0,0.0,0.0,0.0,0.0,0.0,0.0
Awoniyi,FWD,COV,5.4,0.4,3,0,0.8,0.0,68,5057,232,3,1.16,0,0,1.3,0.04,0.5,0.52,0,0.0,7,0,11,0,11,13.6,46.2,78.0,13.6,492,4.27,1.38,3.55,1.34,NEW(H) (3),14,0,False,2.9444226517983854,0.6395660880222308,1.064520414223448,0.6008020884116017,NEW,TOT,FUL,SUN,EVE,3.1191248426289766,0.8380034515811469,3.3110990819617467,0.7414800755144408,3.6235199439825276,0.543145058156355,3.046727564012477,0.5042935382864435,2.7075952841933604,0.5851109007373577,15.808066716779088,3.212033024275744
Yirenkyi,MID,COV,4.8,0.1,9,3,1.8,1.7,292,1011,265,3,1.02,0,0,0.03,0.15,0.01,0.06,2,0.68,5,0,21,0,36,15.4,41.6,7.0,6.0,575,7.13,1.44,4.25,0.18,NEW(H) (3),14,0,False,0.5923166651920402,1.0641934986697732,1.064520414223448,0.9996928987464151,NEW,TOT,FUL,SUN,EVE,0.6274607431019547,1.3943794734227504,0.6660793636912623,1.2337712873360052,0.728927706138141,0.9037556095446351,0.6128968982636761,0.8391093819954937,0.544675136378118,0.9735838535326901,3.180039847573152,5.344599605831575
Hamer,MID,COV,5.4,0.1,3,0,1.0,0.3,43,399,32,0,0.0,0,0,0.0,0.02,0.0,0.06,0,0.0,1,0,3,0,6,0.6,1.8,0.0,0.3,584,8.44,2.31,0.82,0.02,NEW(H) (3),14,0,False,0.042362695747538,0.12827880462099212,1.064520414223448,0.12050384652751787,NEW,TOT,FUL,SUN,EVE,0.044876212532251096,0.16807970755534873,0.04763822982866471,0.14871985791399447,0.05213316533491286,0.10893948272265909,0.04383460123874087,0.10114697054923732,0.03895535688862306,0.11735663963892234,0.22743756582319258,0.6442426583801619
Cherif,FWD,COV,5.0,0.1,1,0,1.0,0.3,539,759,30,0,0.0,0,0,0.0,0.0,0.0,0.0,0,0.0,3,0,1,0,3,1.0,0.2,0.0,0.1,599,3.0,4.29,1.43,0.0,NEW(H) (3),14,0,False,0.0011176688263222925,0.05463402056338987,1.064520414223448,0.05132266120349095,NEW,TOT,FUL,SUN,EVE,0.001183983759900969,0.0715852492233526,0.001256854963574165,0.06333987753833462,0.001375446313888663,0.04639739165655456,0.001156502589230444,0.04307855600337666,0.0010277718932748454,0.04998226388394318,0.006000559519869086,0.2743833383055616
Bentley,GKP,COV,4.0,0.6,0,0,0.0,0.0,8069,2327,0,0,0.0,0,0,0.0,0.0,0.0,0.0,0,0.0,0,0,0,0,0,0.0,0.0,0.0,0.0,623,0.0,0.0,0.0,0.0,NEW(H) (3),14,0,False,0.0,0.0,1.064520414223448,0.0,NEW,TOT,FUL,SUN,EVE,0.0,0.0,0.0,0.0,0.0,0.0,0.0,0.0,0.0,0.0,0.0,0.0
Gboho,MID,COV,5.5,0.0,0,0,0.0,0.0,70,52,0,0,0.0,0,0,0.0,0.0,0.0,0.0,0,0.0,0,0,0,0,0,0.0,0.0,0.0,0.0,655,0.0,0.0,0.0,0.0,NEW(H) (3),14,0,False,0.0,0.0,1.064520414223448,0.0,NEW,TOT,FUL,SUN,EVE,0.0,0.0,0.0,0.0,0.0,0.0,0.0,0.0,0.0,0.0,0.0,0.0
Mfuni,DEF,COV,4.0,0.1,6,6,6.0,3.0,1868,866,90,1,1.0,0,0,0.0,0.01,0.0,0.01,1,1.0,0,0,8,0,27,17.6,0.7,4.0,2.2,656,8.0,1.1,1.1,0.01,NEW(H) (3),14,0,False,0.06395962938738167,0.5795651927838289,1.064520414223448,0.5444378379597475,NEW,TOT,FUL,SUN,EVE,0.06775456262220905,0.7593861542456573,0.07192468445989733,0.6719181191107143,0.07871118385580801,0.4921899022404548,0.06618192728531605,0.4569832378705838,0.058815194483800515,0.5302187191231742,0.343387552707031,2.9106961325905845
Guessand,MID,CRY,5.4,0.0,2,0,1.0,0.0,111,267,54,0,0.0,0,0,0.03,0.03,0.05,0.1,0,0.0,1,0,2,0,6,5.4,2.1,7.0,1.5,42,3.33,0.57,0.34,0.06,NFO(H) (3),17,0,False,0.17775501412956318,0.15973432197478116,1.3429539370553052,0.11894251736215955,NFO,BHA,NEW,TOT,LIV,0.10548734201241838,0.11459432796503731,0.19137348489961908,0.0861455846399554,0.188301798362659,0.16590195342489333,0.19989129744638134,0.1467929430617284,0.15333811589417368,0.12661974503040396,0.8383920386152515,0.6400545541220184
Disasi,DEF,CRY,4.5,0.1,1,0,0.3,0.0,27,769,139,2,1.29,0,0,0.0,0.04,0.0,0.03,0,0.0,6,0,20,0,-6,34.8,13.4,2.0,5.0,153,12.95,2.41,3.72,0.04,NFO(H) (3),17,0,False,0.16143913915483582,1.3123571631943918,1.3429539370553052,0.9772168106316417,NFO,BHA,NEW,TOT,LIV,0.09580481186203722,0.9414926316844258,0.17380759024179432,0.7077613231905361,0.1710178493576419,1.3630296499425787,0.18154356512703307,1.206032416526365,0.13926343260019902,1.0402919506474826,0.7614372491887055,5.258607971991388
Henderson,GKP,CRY,5.0,1.3,5,0,1.7,0.7,146,11212,270,3,1.0,0,0,0.0,0.0,0.0,0.0,0,0.0,8,0,0,0,37,96.8,0.0,0.0,9.6,198,0.0,2.16,6.47,0.0,NFO(H) (3),17,0,False,0.0,1.4368047017901584,1.3429539370553052,1.0698838300743507,NFO,BHA,NEW,TOT,LIV,0.0,1.0307720168283176,0.0,0.7748765545121321,0.0,1.4922823333778714,0.0,1.3203974460417172,0.0,1.1389402274351421,0.0,5.7572685781951805
Benitez,GKP,CRY,4.5,0.1,8,6,4.0,2.7,689,376,180,2,1.0,0,0,0.0,0.0,0.0,0.0,1,0.5,3,0,0,0,29,37.4,0.0,0.0,3.8,199,0.0,1.5,2.99,0.0,NFO(H) (3),17,0,False,0.0,0.5551290893280157,1.3429539370553052,0.413364207074181,NFO,BHA,NEW,TOT,LIV,0.0,0.39825282468366824,0.0,0.29938412333423287,0.0,0.5765636288050867,0.0,0.5101535586979362,0.0,0.44004508787266855,0.0,2.2243992233935925
Richards,DEF,CRY,4.9,0.6,14,8,2.8,3.7,1608,2198,450,5,1.0,0,0,0.08,0.07,0.02,0.03,1,0.2,11,0,54,0,48,131.4,7.7,24.0,16.2,202,10.8,1.89,9.46,0.15,NFO(H) (3),17,0,False,0.5281249893198138,4.099087150904027,1.3429539370553052,3.0522916965358426,NFO,BHA,NEW,TOT,LIV,0.313411701191604,2.940708869081547,0.568586603104422,2.2106598928720325,0.5594603659207923,4.2573603292423545,0.5938937354084826,3.7669867020984777,0.4555803458793258,3.2493039910784893,2.490932751504627,16.4250197843729
Canvot,DEF,CRY,4.8,0.2,10,8,2.5,3.0,409,867,360,4,1.0,0,0,0.05,0.13,0.01,0.04,1,0.25,8,0,34,0,38,83.0,25.3,7.0,11.5,203,8.5,1.94,7.78,0.18,NFO(H) (3),17,0,False,0.4960870221310272,2.584864864317629,1.3429539370553052,1.9247606287863168,NFO,BHA,NEW,TOT,LIV,0.29439901668998525,1.8543970284212417,0.5340940884485554,1.3940316157417754,0.5255214817375582,2.6846711779161074,0.5578659988055461,2.3754439005910446,0.4279431984837134,2.048995644840945,2.3398237841653584,10.357539367511114
Mitchell,DEF,CRY,4.5,6.1,24,7,4.8,7.7,14629,16162,419,5,1.07,2,0,0.77,0.26,0.17,0.23,1,0.21,10,0,25,3,68,128.2,67.9,62.0,25.8,204,5.37,1.79,8.34,1.03,NFO(H) (3),17,2,False,2.525599228747008,2.8976505680593783,1.3429539370553052,2.157669364604609,NFO,BHA,NEW,TOT,LIV,1.498797380955717,2.07879130433031,2.7190947508958065,1.5627186391862857,2.6754512610809744,3.009534104133861,2.8401185144394563,2.6628882859444585,2.178676247959836,2.2969376373151027,11.912138155331789,11.610869970910016
Sosa,DEF,CRY,4.5,0.0,0,0,0.0,0.0,0,106,0,0,0.0,0,0,0.0,0.0,0.0,0.0,0,0.0,0,0,0,0,0,0.0,0.0,0.0,0.0,205,0.0,0.0,0.0,0.0,NFO(H) (3),17,0,False,0.0,0.0,1.3429539370553052,0.0,NFO,BHA,NEW,TOT,LIV,0.0,0.0,0.0,0.0,0.0,0.0,0.0,0.0,0.0,0.0,0.0,0.0
Chadi Riad,DEF,CRY,4.3,0.0,1,0,1.0,0.0,25,121,72,1,1.25,0,0,0.0,0.01,0.0,0.01,0,0.0,2,0,7,0,7,12.6,1.3,0.0,1.4,206,8.75,1.22,0.98,0.01,NFO(H) (3),17,0,False,0.023416685526413586,0.4655590771051432,1.3429539370553052,0.34666794166147985,NFO,BHA,NEW,TOT,LIV,0.013896451399798877,0.33399477901380414,0.025210724636559944,0.2510785308118849,0.024806073785927484,0.48353515619910414,0.026332824841480685,0.4278403429674666,0.02020010775330048,0.3690438655316061,0.11044618241706747,1.865492674523866
Mingueza,DEF,CRY,4.4,0.1,2,0,1.0,0.3,79,279,16,0,0.0,0,0,0.0,0.0,0.0,0.0,0,0.0,1,0,2,0,5,3.2,0.4,0.0,0.3,207,11.25,1.86,0.33,0.0,NFO(H) (3),17,0,False,0.002235337652644585,0.12707966966136847,1.3429539370553052,0.09462697576956067,NFO,BHA,NEW,TOT,LIV,0.001326543887565864,0.09116769121893918,0.002406595159122332,0.06853475385558876,0.002367967519801938,0.13198644584812352,0.00251370992714833,0.11678391019714392,0.0019282857686027956,0.10073473986142346,0.01054310226224126,0.5092075409812189
Sarr,MID,CRY,6.2,0.6,1,1,1.0,0.3,2543,2209,8,0,0.0,0,0,0.0,0.01,0.0,0.11,0,0.0,0,0,0,0,3,0.0,0.5,0.0,0.1,208,0.0,0.68,0.06,0.01,NFO(H) (3),17,0,False,0.018946010221124417,0.0,1.3429539370553052,0.0,NFO,BHA,NEW,TOT,LIV,0.011243363624667149,0.0,0.02039753431831528,0.0,0.02007013874632361,0.0,0.021305404987184026,0.0,0.01634353621609489,0.0,0.08935997789258496,0.0
Wharton,MID,CRY,5.4,0.7,12,2,2.4,2.0,1170,4554,436,5,1.03,0,0,0.15,0.58,0.03,0.15,1,0.21,10,0,41,0,77,73.0,97.0,18.0,18.9,210,8.46,1.84,8.91,0.73,NFO(H) (3),17,0,False,1.880138089766187,2.714971604021351,1.3429539370553052,2.0216416431783717,NFO,BHA,NEW,TOT,LIV,1.1157534468264292,1.9477363572251285,2.0241824406078837,1.464198884859712,1.9916928093800907,2.81980157446294,2.1142764606785818,2.4950096332223253,1.6218773558504644,2.152129911818479,8.86778251334345,10.878876361588585
Yeremy,MID,CRY,5.5,0.3,14,2,2.8,2.7,698,2630,307,4,1.17,0,2,0.52,0.55,0.15,0.31,1,0.29,6,0,26,0,70,30.2,94.1,33.0,15.8,211,7.62,2.03,6.93,1.07,NFO(H) (3),17,2,False,2.482620979098802,1.482825234519197,1.3429539370553052,1.1041519694790036,NFO,BHA,NEW,TOT,LIV,1.473292270217007,1.063787413616428,2.672823778173383,0.7996956769672996,2.629922971829242,1.5400798022187079,2.7917880742196797,1.3626894804463878,2.141601604199397,1.1754202277774244,11.709428698638707,5.941672601026248
Hughes,MID,CRY,4.4,7.3,2,0,1.0,0.7,9055,44268,29,0,0.0,0,0,0.0,0.04,0.0,0.12,0,0.0,1,0,7,0,9,8.0,15.3,0.0,2.4,212,21.72,3.48,1.12,0.04,NFO(H) (3),17,0,False,0.15010901783493014,0.39728116772255306,1.3429539370553052,0.29582635469513674,NFO,BHA,NEW,TOT,LIV,0.08908103876023359,0.2850118112719626,0.16160942631407868,0.21425588462639106,0.15901547501870889,0.41262091308404,0.1688024750264181,0.3650941833415172,0.12948964667042254,0.314920672905556,0.7079980617898618,1.5919034652294668
Lerma,MID,CRY,4.8,0.1,1,0,0.5,0.3,90,379,51,0,0.0,0,0,0.26,0.0,0.46,0.46,0,0.0,1,0,12,0,6,17.6,0.8,11.0,3.0,213,21.18,2.21,1.25,0.26,NFO(H) (3),17,0,False,0.47831709247369625,0.7387291799220925,1.3429539370553052,0.5500778243682012,NFO,BHA,NEW,TOT,LIV,0.28385358900414126,0.5299685933164728,0.5149627385870781,0.39840064619944776,0.5066972042473354,0.767252851396545,0.5378831346814108,0.6788787100086202,0.4126141932988524,0.5855829808638277,2.256010859818818,2.9600837817849137
Kamada,MID,CRY,5.0,0.5,21,3,4.2,5.3,3245,3008,441,5,1.02,0,3,0.47,0.38,0.1,0.18,1,0.2,10,0,38,0,109,95.6,81.2,42.0,21.9,214,7.76,1.81,8.85,0.85,NFO(H) (3),17,3,False,2.166805872938222,2.931050951069074,1.3429539370553052,2.182540197540944,NFO,BHA,NEW,TOT,LIV,1.2858742315226563,2.102752932598124,2.332812905648344,1.5807316465725314,2.2953695262831966,3.044224136419615,2.4366437108792938,2.693582631785525,1.869167695166123,2.3234137754945556,10.219868069499613,11.744705122870352
Devenny,MID,CRY,5.0,0.0,0,0,0.0,0.0,0,33,0,0,0.0,0,0,0.0,0.0,0.0,0.0,0,0.0,0,0,0,0,0,0.0,0.0,0.0,0.0,215,0.0,0.0,0.0,0.0,NFO(H) (3),17,0,False,0.0,0.0,1.3429539370553052,0.0,NFO,BHA,NEW,TOT,LIV,0.0,0.0,0.0,0.0,0.0,0.0,0.0,0.0,0.0,0.0,0.0,0.0
Esse,MID,CRY,5.0,0.0,0,0,0.0,0.0,0,125,0,0,0.0,0,0,0.0,0.0,0.0,0.0,0,0.0,0,0,0,0,0,0.0,0.0,0.0,0.0,216,0.0,0.0,0.0,0.0,NFO(H) (3),17,0,False,0.0,0.0,1.3429539370553052,0.0,NFO,BHA,NEW,TOT,LIV,0.0,0.0,0.0,0.0,0.0,0.0,0.0,0.0,0.0,0.0,0.0,0.0
M.França,MID,CRY,4.9,0.0,0,0,0.0,0.0,0,159,0,0,0.0,0,0,0.0,0.0,0.0,0.0,0,0.0,0,0,0,0,0,0.0,0.0,0.0,0.0,217,0.0,0.0,0.0,0.0,NFO(H) (3),17,0,False,0.0,0.0,1.3429539370553052,0.0,NFO,BHA,NEW,TOT,LIV,0.0,0.0,0.0,0.0,0.0,0.0,0.0,0.0,0.0,0.0,0.0,0.0
Doucouré,MID,CRY,4.8,0.0,0,0,0.0,0.0,112,294,0,0,0.0,0,0,0.0,0.0,0.0,0.0,0,0.0,0,0,0,0,0,0.0,0.0,0.0,0.0,218,0.0,0.0,0.0,0.0,NFO(H) (3),17,0,False,0.0,0.0,1.3429539370553052,0.0,NFO,BHA,NEW,TOT,LIV,0.0,0.0,0.0,0.0,0.0,0.0,0.0,0.0,0.0,0.0,0.0,0.0
J.Rak-Sakyi,MID,CRY,4.9,0.0,0,0,0.0,0.0,0,25,0,0,0.0,0,0,0.0,0.0,0.0,0.0,0,0.0,0,0,0,0,0,0.0,0.0,0.0,0.0,219,0.0,0.0,0.0,0.0,NFO(H) (3),17,0,False,0.0,0.0,1.3429539370553052,0.0,NFO,BHA,NEW,TOT,LIV,0.0,0.0,0.0,0.0,0.0,0.0,0.0,0.0,0.0,0.0,0.0,0.0
Cardines,DEF,CRY,4.5,0.0,0,0,0.0,0.0,0,3,0,0,0.0,0,0,0.0,0.0,0.0,0.0,0,0.0,0,0,0,0,0,0.0,0.0,0.0,0.0,220,0.0,0.0,0.0,0.0,NFO(H) (3),17,0,False,0.0,0.0,1.3429539370553052,0.0,NFO,BHA,NEW,TOT,LIV,0.0,0.0,0.0,0.0,0.0,0.0,0.0,0.0,0.0,0.0,0.0,0.0
Drakes-Thomas,MID,CRY,4.5,0.1,0,0,0.0,0.0,139,423,0,0,0.0,0,0,0.0,0.0,0.0,0.0,0,0.0,0,0,0,0,0,0.0,0.0,0.0,0.0,221,0.0,0.0,0.0,0.0,NFO(H) (3),17,0,False,0.0,0.0,1.3429539370553052,0.0,NFO,BHA,NEW,TOT,LIV,0.0,0.0,0.0,0.0,0.0,0.0,0.0,0.0,0.0,0.0,0.0,0.0
Strand Larsen,FWD,CRY,6.0,0.7,14,2,2.8,3.7,4936,3900,298,3,0.91,1,0,0.43,0.2,0.13,0.19,1,0.3,5,0,13,2,69,62.6,32.5,65.0,16.1,222,3.93,1.86,6.15,0.63,NFO(H) (3),17,1,False,1.8019940561978507,1.446456246753736,1.3429539370553052,1.077070632761523,NFO,BHA,NEW,TOT,LIV,1.0693794728734658,1.037696091098969,1.9400515028601302,0.780081684964293,1.9089122356545902,1.502306541971429,2.0264009521639084,1.3292670407085403,1.5544673931306174,1.146590907309882,8.499211556682711,5.795942266053114
Mateta,FWD,CRY,6.3,1.3,2,0,2.0,0.0,213,9144,62,1,1.45,0,0,0.7,0.02,1.02,1.05,0,0.0,2,0,5,0,-3,1.4,12.3,11.0,2.5,223,7.26,1.42,0.98,0.72,NFO(H) (3),17,0,False,1.1724956633854724,0.21973521721318312,1.3429539370553052,0.16362081464610506,NFO,BHA,NEW,TOT,LIV,0.6958085073283476,0.15763931780905358,1.2623249039164528,0.11850439228587202,1.2420636518696324,0.22821959188999946,1.3185095258890835,0.20193267689910638,1.0114385622144668,0.1741818341466172,5.530145151217983,0.8804778130306488
Nketiah,FWD,CRY,5.5,0.5,8,1,2.0,1.7,1287,3356,175,3,1.54,0,1,1.1,0.6,0.57,0.88,0,0.0,7,0,12,0,38,34.2,46.4,50.0,13.0,224,6.17,2.32,4.51,1.7,NFO(H) (3),17,1,False,3.2711311789940978,0.9851233746505702,1.3429539370553052,0.7335496382032656,NFO,BHA,NEW,TOT,LIV,1.9412275661294378,0.7067332160370315,3.521744668376059,0.5312823693905779,3.465218051378224,1.0231607722030809,3.6784934517225154,0.9053105034413942,2.821799960388406,0.7808971107752262,15.428483697994642,3.947383971847311
Uche,FWD,CRY,5.0,0.0,0,0,0.0,0.0,0,0,0,0,0.0,0,0,0.0,0.0,0.0,0.0,0,0.0,0,0,0,0,0,0.0,0.0,0.0,0.0,225,0.0,0.0,0.0,0.0,NFO(H) (3),17,0,False,0.0,0.0,1.3429539370553052,0.0,NFO,BHA,NEW,TOT,LIV,0.0,0.0,0.0,0.0,0.0,0.0,0.0,0.0,0.0,0.0,0.0,0.0
McNeil,MID,CRY,5.4,0.1,3,0,1.5,0.0,74,478,84,1,1.07,0,0,0.05,0.02,0.05,0.07,0,0.0,3,0,7,0,13,10.0,5.0,2.0,1.7,241,7.5,1.26,1.18,0.07,NFO(H) (3),17,0,False,0.15010347862589024,0.426967215280201,1.3429539370553052,0.3179313925065903,NFO,BHA,NEW,TOT,LIV,0.08907775155935584,0.3063087537684155,0.16160346272569417,0.23026573079399712,0.1590096071503462,0.4434531926992853,0.1687962460056097,0.39237512230932137,0.12948486834176676,0.33845249578644737,0.7079719357827727,1.7108552953574667
Matthews,GKP,CRY,4.0,1.7,0,0,0.0,0.0,1104,3030,0,0,0.0,0,0,0.0,0.0,0.0,0.0,0,0.0,0,0,0,0,0,0.0,0.0,0.0,0.0,555,0.0,0.0,0.0,0.0,NFO(H) (3),17,0,False,0.0,0.0,1.3429539370553052,0.0,NFO,BHA,NEW,TOT,LIV,0.0,0.0,0.0,0.0,0.0,0.0,0.0,0.0,0.0,0.0,0.0,0.0
Tomiyasu,DEF,CRY,4.4,0.3,3,1,0.8,0.3,149,1192,189,2,0.95,0,0,0.0,0.03,0.0,0.01,0,0.0,5,0,17,0,10,35.8,15.6,8.0,6.0,577,8.1,1.9,3.98,0.03,NFO(H) (3),17,0,False,0.2234255835989648,1.207827196619518,1.3429539370553052,0.8993809566305159,NFO,BHA,NEW,TOT,LIV,0.1325901891816642,0.8665022280957303,0.24054304604819501,0.6513877462932105,0.23668215154395808,1.2544635920546048,0.251249338911809,1.109971274237281,0.19273525531409236,0.9574321272099323,1.0537999809997187,4.839756967890759
Khalaili,DEF,CRY,5.0,0.3,19,6,3.8,5.3,2085,1117,379,4,0.95,1,0,0.96,0.33,0.23,0.31,1,0.24,8,0,44,0,54,128.2,48.8,48.0,22.5,588,10.45,2.0,8.41,1.29,NFO(H) (3),17,1,True,2.636347301382154,3.6536795069661308,1.3429539370553052,2.720629059681342,NFO,BHA,NEW,TOT,LIV,1.5645199703998862,2.621170844964149,2.83832764404309,1.9704491390667673,2.7927703777568964,3.7947546895393063,2.964658325803594,3.357665160506704,2.274211672825019,2.896233958209077,12.434487990828487,14.640273792286004
Gozo,MID,CRY,4.9,0.0,2,0,1.0,0.3,41,90,28,0,0.0,0,0,0.0,0.0,0.0,0.0,0,0.0,2,0,1,0,6,1.4,1.6,0.0,0.3,595,3.21,2.19,0.68,0.0,NFO(H) (3),17,0,False,0.00894135061057834,0.06057123007491945,1.3429539370553052,0.04510298410363499,NFO,BHA,NEW,TOT,LIV,0.005306175550263456,0.04345415135982431,0.009626380636489329,0.032666392311033784,0.009471870079207752,0.06290999496253724,0.01005483970859332,0.05566386120179156,0.0077131430744111825,0.0480141876426226,0.04217240904896504,0.24270858747780952
Ahanor,DEF,CRY,4.5,0.0,3,0,3.0,1.0,139,108,90,1,1.0,0,0,0.0,0.01,0.0,0.01,0,0.0,3,0,11,0,10,24.6,11.9,4.0,4.1,633,11.0,1.68,1.68,0.01,NFO(H) (3),17,0,False,0.12654908366143003,0.8028393495892943,1.3429539370553052,0.597815999072671,NFO,BHA,NEW,TOT,LIV,0.07509957755577729,0.5759616004417505,0.1362444782203952,0.43297560779235933,0.1340576531766633,0.8338384308180379,0.14230856242005055,0.7377947924716057,0.10916596728255411,0.6364024493209488,0.5968762386554405,3.2169728808447022
Chilwell,DEF,CRY,4.5,0.4,8,0,4.0,2.7,565,2940,29,0,0.0,1,0,0.27,0.01,0.84,0.87,0,0.0,1,0,1,0,21,33.4,4.2,21.0,5.9,643,3.1,3.48,1.12,0.28,NFO(H) (3),17,1,False,0.6367911978237769,0.5355479909972859,1.3429539370553052,0.39878358908689143,NFO,BHA,NEW,TOT,LIV,0.3778988244256927,0.3842052313030698,0.6855781327896227,0.28882393099273035,0.6745740946825217,0.5562264688064616,0.7160924228143059,0.49215888468665675,0.5493198769690983,0.42452335373688443,3.0034633516812415,2.145937869525803
Timber,MID,CRY,5.0,0.0,9,3,3.0,3.0,467,320,253,3,1.07,0,0,0.24,0.06,0.09,0.11,1,0.36,5,0,27,0,45,37.8,29.1,34.0,10.0,644,9.6,1.98,5.56,0.3,NFO(H) (3),17,0,False,0.9586159321899475,1.635423212022825,1.3429539370553052,1.2177805707981444,NFO,BHA,NEW,TOT,LIV,0.5688832306230638,1.1732620867152561,1.0320590534215273,0.881992592397912,1.0154937392589853,1.6985698639885054,1.0779948086221214,1.5029242524483717,0.8269379158047423,1.29638306635081,4.52136874773044,6.553131861900855
Osorio,MID,CRY,5.5,0.0,1,0,1.0,0.3,27,75,1,0,0.0,0,0,0.0,0.0,0.0,0.0,0,0.0,0,0,1,0,2,2.0,0.3,0.0,0.2,647,90.0,11.7,0.13,0.0,NFO(H) (3),17,0,False,0.0016765032394834387,0.06947704434221381,1.3429539370553052,0.05173449544707104,NFO,BHA,NEW,TOT,LIV,0.000994907915674398,0.049843234108760154,0.0018049463693417488,0.037469346161315586,0.0017759756398514535,0.07215967884711082,0.0018852824453612475,0.06384814289213277,0.0014462143264520966,0.05507373450689,0.007907326696680945,0.2783941365162093
Nørgaard,MID,EVE,4.8,0.0,0,0,0.0,0.0,55,327,0,0,0.0,0,0,0.0,0.0,0.0,0.0,0,0.0,0,0,0,0,0,0.0,0.0,0.0,0.0,21,0.0,0.0,0.0,0.0,HUL(A) (2),16,0,False,0.0,0.0,0.9195674685288893,0.0,HUL,CHE,ARS,NEW,COV,0.0,0.0,0.0,0.0,0.0,0.0,0.0,0.0,0.0,0.0,0.0,0.0
Johnson,MID,EVE,5.9,0.1,9,3,1.8,2.3,414,713,238,3,1.13,0,0,1.03,0.22,0.39,0.47,2,0.76,1,0,26,0,26,23.0,52.8,25.0,10.0,209,9.83,1.41,3.73,1.25,HUL(A) (2),16,0,False,2.323702892827588,1.3759554633116646,0.9195674685288893,1.4963072427006343,HUL,CHE,ARS,NEW,COV,2.195256348332407,2.378259781041393,2.73305082724512,1.257366725808863,1.5470630093568194,1.143708196216153,2.4615757576380846,2.0870610442185455,2.473629166005048,2.5696108310874766,11.41057510857748,9.436006578372432
Pickford,GKP,EVE,5.5,9.1,25,8,5.0,5.0,28822,15658,450,5,1.0,0,0,0.0,0.02,0.0,0.0,3,0.6,3,0,0,1,121,119.2,0.0,0.0,12.0,226,0.0,1.39,6.94,0.02,HUL(A) (2),16,0,False,0.03230367631063737,1.769288434435815,0.9195674685288893,1.9240441783638749,HUL,CHE,ARS,NEW,COV,0.030518036842958632,3.0581131707220703,0.037994353553699664,1.6167997185488487,0.02150697614599532,1.4706505681981785,0.034220358693142376,2.6836718672637754,0.03438792288713988,3.3041641576841387,0.15862764812293587,12.133399482417012
Travers,GKP,EVE,5.0,0.0,0,0,0.0,0.0,251,263,0,0,0.0,0,0,0.0,0.0,0.0,0.0,0,0.0,0,0,0,0,0,0.0,0.0,0.0,0.0,227,0.0,0.0,0.0,0.0,HUL(A) (2),16,0,False,0.0,0.0,0.9195674685288893,0.0,HUL,CHE,ARS,NEW,COV,0.0,0.0,0.0,0.0,0.0,0.0,0.0,0.0,0.0,0.0,0.0,0.0
King,GKP,EVE,4.5,0.0,0,0,0.0,0.0,114,171,0,0,0.0,0,0,0.0,0.0,0.0,0.0,0,0.0,0,0,0,0,0,0.0,0.0,0.0,0.0,228,0.0,0.0,0.0,0.0,HUL(A) (2),16,0,False,0.0,0.0,0.9195674685288893,0.0,HUL,CHE,ARS,NEW,COV,0.0,0.0,0.0,0.0,0.0,0.0,0.0,0.0,0.0,0.0,0.0,0.0
Tarkowski,DEF,EVE,6.2,16.6,43,14,8.6,8.3,234890,20874,450,5,1.0,1,1,0.18,0.04,0.04,0.05,3,0.6,3,0,51,7,138,149.6,25.6,30.0,20.5,229,10.2,1.39,6.94,0.22,HUL(A) (2),16,2,False,0.7813649732940614,4.2498571933249245,0.9195674685288893,4.621582797098928,HUL,CHE,ARS,NEW,COV,0.7381737240517521,7.345633421686374,0.9190117175621833,3.8835770246989685,0.5202131695585974,3.532524586991614,0.8277259033695668,6.446219829188873,0.8317789650306876,7.9366515601160685,3.836903479572787,29.1446064226819
Branthwaite,DEF,EVE,5.5,2.4,27,8,5.4,5.7,19809,7258,450,5,1.0,0,0,0.17,0.02,0.03,0.03,3,0.6,3,0,54,0,97,145.4,7.2,73.0,22.5,230,10.8,1.39,6.94,0.19,HUL(A) (2),16,0,False,1.1045352098186283,4.306889483807562,0.9195674685288893,4.683603575817728,HUL,CHE,ARS,NEW,COV,1.0434801879342153,7.444210451461068,1.2991122394493428,3.9356939036689753,0.7353717942672287,3.5799304077563217,1.1700708831320308,6.532726896388843,1.175800279080509,8.04315994302055,5.423835383863327,29.53572160229576
Keane,DEF,EVE,4.8,0.7,0,0,0.0,0.0,388,3852,0,0,0.0,0,0,0.0,0.0,0.0,0.0,0,0.0,0,0,0,0,0,0.0,0.0,0.0,0.0,231,0.0,0.0,0.0,0.0,HUL(A) (2),16,0,False,0.0,0.0,0.9195674685288893,0.0,HUL,CHE,ARS,NEW,COV,0.0,0.0,0.0,0.0,0.0,0.0,0.0,0.0,0.0,0.0,0.0,0.0
O'Brien,DEF,EVE,4.8,0.3,2,1,1.0,0.7,333,1148,16,0,0.0,0,0,0.0,0.0,0.0,0.0,0,0.0,0,0,2,0,5,3.0,0.0,0.0,0.3,232,11.25,2.36,0.42,0.0,HUL(A) (2),16,0,False,0.0,0.12411106490560368,0.9195674685288893,0.1349667850953392,HUL,CHE,ARS,NEW,COV,0.0,0.2145188284923123,0.0,0.11341437094295176,0.0,0.1031623813113941,0.0,0.18825272737936954,0.0,0.2317786768124506,0.0,0.8511269849384783
Mykolenko,DEF,EVE,4.6,4.2,27,5,5.4,5.7,41319,22088,450,5,1.0,0,0,0.04,0.16,0.01,0.04,3,0.6,3,0,39,3,109,105.6,35.7,13.0,15.5,233,7.8,1.39,6.94,0.2,HUL(A) (2),16,0,False,0.6549232197781993,3.11927218564188,0.9195674685288893,3.3921080207763836,HUL,CHE,ARS,NEW,COV,0.6187212488851807,5.391482343024666,0.7702957435400729,2.8504331423108042,0.4360314265714071,2.5927708127712976,0.6937819485857615,4.731338795878611,0.697179137202843,5.825272552095496,3.2160095047852653,21.391297646080872
Patterson,DEF,EVE,4.5,0.0,0,0,0.0,0.0,0,124,0,0,0.0,0,0,0.0,0.0,0.0,0.0,0,0.0,0,0,0,0,0,0.0,0.0,0.0,0.0,234,0.0,0.0,0.0,0.0,HUL(A) (2),16,0,False,0.0,0.0,0.9195674685288893,0.0,HUL,CHE,ARS,NEW,COV,0.0,0.0,0.0,0.0,0.0,0.0,0.0,0.0,0.0,0.0,0.0,0.0
Aznou,DEF,EVE,4.0,0.1,0,0,0.0,0.0,0,559,0,0,0.0,0,0,0.0,0.0,0.0,0.0,0,0.0,0,0,0,0,0,0.0,0.0,0.0,0.0,235,0.0,0.0,0.0,0.0,HUL(A) (2),16,0,False,0.0,0.0,0.9195674685288893,0.0,HUL,CHE,ARS,NEW,COV,0.0,0.0,0.0,0.0,0.0,0.0,0.0,0.0,0.0,0.0,0.0,0.0
Dewsbury-Hall,MID,EVE,6.6,6.0,20,3,4.0,2.3,34374,44746,450,5,1.0,1,0,0.99,0.83,0.2,0.37,3,0.6,3,0,42,3,110,102.8,160.8,125.0,38.9,236,8.4,1.35,6.74,1.82,HUL(A) (2),16,1,False,4.955576859824658,3.1970847094148707,0.9195674685288893,3.476726633804826,HUL,CHE,ARS,NEW,COV,4.681649101852897,5.525976809368243,5.828560732968658,2.9215392797201427,3.2992985779392376,2.6574493751088024,5.249607383503713,4.849365499103491,5.275312731536679,5.970588232153985,24.334428527801187,21.924919195454663
Grealish,MID,EVE,6.5,0.5,6,3,1.5,1.7,3776,2987,135,1,0.67,0,0,0.02,0.44,0.01,0.3,1,0.67,1,0,13,0,36,21.6,71.7,20.0,11.4,238,8.67,1.11,1.67,0.46,HUL(A) (2),16,0,False,1.3580089473651302,0.8378922718219542,0.9195674685288893,0.911180854584169,HUL,CHE,ARS,NEW,COV,1.282942742808173,1.448248540053355,1.5972383941417794,0.7656772987881847,0.904128240890419,0.6964645908832579,1.438584043514227,1.2709221820032672,1.4456282471682769,1.5647723450119415,6.668521668522875,5.746084956740006
Garner,MID,EVE,6.0,0.2,11,3,2.2,3.0,1750,2006,328,4,1.1,0,0,0.2,0.17,0.05,0.1,2,0.55,2,0,45,0,71,51.4,68.3,13.0,13.4,239,12.35,0.95,3.45,0.37,HUL(A) (2),16,0,False,1.0705674173831814,2.553526277537017,0.9195674685288893,2.776877570084239,HUL,CHE,ARS,NEW,COV,1.0113900217546592,4.413623120534868,1.2591606158997324,2.3334468741640952,0.7127568914117071,2.122517051419197,1.1340876708815901,3.8732105517493483,1.139640870606871,4.768736311009042,5.25703607055456,17.51153390887655
George,MID,EVE,5.5,0.9,19,1,3.8,4.7,2458,10808,309,4,1.17,1,0,0.35,0.32,0.1,0.19,2,0.58,3,0,18,3,77,64.0,86.2,75.0,22.5,242,5.24,1.08,3.71,0.67,HUL(A) (2),16,1,False,2.2969938993994834,1.6661914639669195,0.9195674685288893,1.8119295440414704,HUL,CHE,ARS,NEW,COV,2.1700237389650074,2.8799159943227286,2.7016367265832493,1.5225883115260577,1.5292808325228893,1.3849553162264785,2.4332820325941165,2.5272934985012365,2.4451968972574707,3.111629516096562,11.279420227922733,11.426382636673063
Alcaraz,MID,EVE,4.9,0.1,1,0,0.5,0.0,160,407,5,0,0.0,0,0,0.05,0.02,0.9,1.26,0,0.0,0,0,3,0,5,5.0,0.8,25.0,2.7,243,54.0,0.72,0.04,0.07,HUL(A) (2),16,0,False,0.3790341477277481,0.1935881092478175,0.9195674685288893,0.2105208327535955,HUL,CHE,ARS,NEW,COV,0.3580824044254612,0.33460589865592677,0.44580552625680847,0.17690343442847484,0.2523514133595373,0.16091240824309025,0.4015234788593366,0.29363610393509365,0.403489587943974,0.3615277642022503,1.8612524108451174,1.327585609464836
Armstrong,MID,EVE,5.0,0.4,16,2,3.2,2.0,843,3320,446,5,1.01,0,1,0.21,0.49,0.04,0.14,3,0.61,3,0,40,0,61,62.6,64.5,19.0,14.7,244,8.07,1.4,6.94,0.7,HUL(A) (2),16,1,False,1.645616477460604,2.520813159937016,0.9195674685288893,2.741303108481835,HUL,CHE,ARS,NEW,COV,1.55465228804268,4.357080380617029,1.93551141539402,2.3035531845320807,1.0956101090744164,2.0953255748630775,1.743256265588064,3.8235910144907956,1.7517923342392934,4.7076442309635995,8.080822412338474,17.28719438546658
Dibling,MID,EVE,5.4,0.0,1,1,1.0,0.3,119,158,24,0,0.0,0,0,0.17,0.16,0.64,1.24,0,0.0,0,0,0,0,10,7.2,24.4,26.0,5.8,245,0.0,1.42,0.38,0.33,HUL(A) (2),16,0,False,0.9110030465625715,0.10686977120753245,0.9195674685288893,0.11621743359244881,HUL,CHE,ARS,NEW,COV,0.8606458370773454,0.1847182452114002,1.0714870811220347,0.09765904340227945,0.6065229419382981,0.08883124237438662,0.9650558259726935,0.16210098527096628,0.9697813404856116,0.19958038536347147,4.473493026595984,0.732889901622504
Röhl,MID,EVE,4.9,0.0,6,0,2.0,0.3,7,586,249,3,1.08,0,0,0.0,0.2,0.0,0.07,1,0.36,2,0,24,0,35,26.6,32.1,2.0,6.1,246,8.67,1.63,4.52,0.2,HUL(A) (2),16,0,False,0.5243705849010691,1.3498083553462992,0.9195674685288893,1.46787310506504,HUL,CHE,ARS,NEW,COV,0.49538512816589236,2.3330660106595307,0.6167447074539614,1.2334731446513343,0.3491127620485494,1.1219744537479468,0.5554832004535215,2.0474008866708955,0.5582031922454778,2.5207808408582086,2.574928990367402,9.256695336587915
Hackney,MID,EVE,5.4,0.2,10,1,2.0,2.0,191,1088,137,1,0.66,0,1,0.05,0.13,0.03,0.12,1,0.66,1,0,12,0,39,40.4,50.0,21.0,11.1,247,7.88,2.57,3.91,0.18,HUL(A) (2),16,1,False,0.7877549483716026,1.0771501220792787,0.9195674685288893,1.1713660595263204,HUL,CHE,ARS,NEW,COV,0.7442104826227194,1.861791956056008,0.9265273628392344,0.9843143606870245,0.5244674544345553,0.8953381530331231,0.8344950164912736,1.6338305406747793,0.8385812239471092,2.011588815338837,3.868281540334892,7.386863825789772
Beto,FWD,EVE,5.4,0.6,2,0,1.0,0.0,0,7339,31,0,0.0,0,0,0.09,0.0,0.26,0.26,0,0.0,0,0,1,0,5,3.0,0.3,5.0,0.8,248,2.9,5.57,1.92,0.09,HUL(A) (2),16,0,False,0.17878463284141263,0.08432006812103776,0.9195674685288893,0.09169535787942976,HUL,CHE,ARS,NEW,COV,0.16890201472865765,0.14574238199853118,0.21027967482166085,0.07705281951361742,0.11903031707027795,0.07008769948369425,0.18939250770786928,0.12789740228780275,0.1903198914091276,0.15746858535694852,0.8779244057375933,0.5782488886405941
Barry,FWD,EVE,5.7,8.3,20,6,4.0,3.3,85245,39270,417,5,1.08,2,0,3.5,0.15,0.76,0.79,3,0.65,3,0,17,2,83,85.8,72.0,207.0,36.5,249,3.67,1.08,5.02,3.65,HUL(A) (2),16,2,False,7.669961234003404,1.9499783855607156,0.9195674685288893,2.120538679647142,HUL,CHE,ARS,NEW,COV,7.24599136248471,3.370425345830131,9.021116236604158,1.7819166415091803,5.106467502774619,1.6208418960323379,8.125045027883228,2.9577439343689838,8.164830309899092,3.641604480324904,37.66345043964581,13.372532298065536
Maitland-Niles,DEF,EVE,4.5,1.4,21,8,7.0,7.0,19475,4757,177,2,1.02,1,0,0.06,0.25,0.03,0.16,2,1.02,1,0,13,2,75,67.2,38.8,8.0,11.4,649,6.61,1.02,2.0,0.31,HUL(A) (2),16,1,False,0.7899077346540355,1.5147341561363263,0.9195674685288893,1.647224600669678,HUL,CHE,ARS,NEW,COV,0.7462442700607351,2.618130759725556,0.9290593880599483,1.3841845736692877,0.5259007254585244,1.259062459254373,0.8367755345990615,2.2975617553860537,0.8408729088922192,2.8287814523139274,3.8788528270704887,10.387721000349199
Graham,MID,EVE,4.5,0.1,0,0,0.0,0.0,234,1008,0,0,0.0,0,0,0.0,0.0,0.0,0.0,0,0.0,0,0,0,0,0,0.0,0.0,0.0,0.0,654,0.0,0.0,0.0,0.0,HUL(A) (2),16,0,False,0.0,0.0,0.9195674685288893,0.0,HUL,CHE,ARS,NEW,COV,0.0,0.0,0.0,0.0,0.0,0.0,0.0,0.0,0.0,0.0,0.0,0.0
Leno,GKP,FUL,4.5,3.4,18,3,3.6,4.3,39413,11425,450,5,1.0,0,0,0.0,0.0,0.0,0.0,1,0.2,8,0,0,2,77,127.6,0.0,0.0,12.8,250,0.0,1.82,9.11,0.0,IPS(A) (2),12,0,False,0.0,1.893969834177936,1.2306385232328536,1.5390139333543122,IPS,HUL,COV,AVL,NEW,0.0,1.8059786266493678,0.0,2.446138624279298,0.0,2.6429510995376435,0.0,2.4229269607509782,0.0,2.1466286703365034,0.0,11.464623981553789
Lecomte,GKP,FUL,4.0,1.1,0,0,0.0,0.0,2510,2521,0,0,0.0,0,0,0.0,0.0,0.0,0.0,0,0.0,0,0,0,0,0,0.0,0.0,0.0,0.0,251,0.0,0.0,0.0,0.0,IPS(A) (2),12,0,False,0.0,0.0,1.2306385232328536,0.0,IPS,HUL,COV,AVL,NEW,0.0,0.0,0.0,0.0,0.0,0.0,0.0,0.0,0.0,0.0,0.0,0.0
McNally,GKP,FUL,4.0,0.1,0,0,0.0,0.0,0,602,0,0,0.0,0,0,0.0,0.0,0.0,0.0,0,0.0,0,0,0,0,0,0.0,0.0,0.0,0.0,252,0.0,0.0,0.0,0.0,IPS(A) (2),12,0,False,0.0,0.0,1.2306385232328536,0.0,IPS,HUL,COV,AVL,NEW,0.0,0.0,0.0,0.0,0.0,0.0,0.0,0.0,0.0,0.0,0.0,0.0
Andersen,DEF,FUL,5.0,0.2,3,1,1.0,0.7,2729,1093,190,2,0.95,0,0,0.0,0.1,0.0,0.05,0,0.0,5,0,20,0,12,52.2,35.8,8.0,9.6,253,9.47,2.06,4.35,0.1,IPS(A) (2),12,0,False,0.44937300214474707,1.5706257769459286,1.2306385232328536,1.2762689833729062,IPS,HUL,COV,AVL,NEW,0.5484014215021011,1.4976566851499373,0.4245331616070089,2.0285266998160485,0.4783667343839605,2.1917387749436656,0.5929281113317904,2.009277799223501,0.4760357667199542,1.7801499592653613,2.5202651955448148,9.507349918398514
Robinson,DEF,FUL,4.5,1.5,12,2,2.4,3.0,16018,6708,429,5,1.05,0,0,0.26,0.3,0.05,0.11,1,0.21,8,0,31,0,65,93.6,106.7,18.0,21.8,254,6.5,1.9,9.08,0.56,IPS(A) (2),12,0,False,1.6314957937657968,2.622827926019465,1.2306385232328536,2.1312740309228806,IPS,HUL,COV,AVL,NEW,1.9910288517681494,2.5009749840214344,1.541312148638671,3.3874883215652214,1.7367605781833788,3.660040316312624,2.152687667096918,3.3553440929651557,1.7282977557150068,2.9727176862858413,9.150087001402124,15.876565401150279
J.Cuenca,DEF,FUL,4.5,0.0,3,0,3.0,0.0,67,113,90,1,1.0,0,0,0.0,0.03,0.0,0.03,0,0.0,3,0,10,0,7,32.8,21.3,0.0,5.4,255,10.0,2.24,2.24,0.03,IPS(A) (2),12,0,False,0.1674872444692802,0.8847611477910847,1.2306385232328536,0.7189447844252767,IPS,HUL,COV,AVL,NEW,0.20439644240318072,0.8436563739115734,0.15822910829984918,1.1427047980480813,0.17829359085958205,1.2346450329804708,0.22099212694435122,1.131861553506982,0.17742480846916675,1.0027898079340487,0.93933607697613,5.355657566381156
Tete,DEF,FUL,4.4,0.2,0,0,0.0,0.0,57,1043,27,0,0.0,0,0,0.0,0.0,0.0,0.0,0,0.0,0,0,3,0,-1,1.6,0.3,2.0,0.4,256,10.0,2.17,0.65,0.0,IPS(A) (2),12,0,False,0.023624478409450922,0.14312182839981608,1.2306385232328536,0.11629883649655218,IPS,HUL,COV,AVL,NEW,0.02883060949401548,0.1364725870669611,0.022318596049635774,0.1848476285675481,0.0251487395422416,0.19972017870142822,0.031171470688402446,0.183093590216765,0.025026195697843694,0.16221452667823352,0.132495611472139,0.8663485112309359
Bassey,DEF,FUL,4.5,0.7,15,6,3.0,4.3,5529,1823,450,5,1.0,0,1,0.13,0.08,0.03,0.05,1,0.2,8,0,29,1,69,97.0,15.3,40.0,15.2,257,5.8,1.82,9.11,0.21,IPS(A) (2),12,1,False,0.8302421507223474,2.5937122132983346,1.2306385232328536,2.1076150017510615,IPS,HUL,COV,AVL,NEW,1.013202781373232,2.4732119468678637,0.784349134156548,3.3498842012802275,0.8838097181927196,3.6194106275174303,1.0954683704324524,3.3180968020841335,0.8795031230092254,2.9397178873679306,4.656333127164177,15.700321465117584
Castagne,DEF,FUL,4.5,0.9,20,1,4.0,2.7,14717,4901,408,5,1.1,0,2,0.67,0.39,0.15,0.24,2,0.44,7,0,29,0,64,90.4,58.6,57.0,20.6,258,6.4,1.5,6.81,1.06,IPS(A) (2),12,2,False,2.49291137344279,2.495748256358097,1.2306385232328536,2.0280108327844593,IPS,HUL,COV,AVL,NEW,3.042274756938827,2.3797992592825516,2.35511154858574,3.2233597896795745,2.653755047879663,3.4827062602999663,3.289288019792649,3.192772993769428,2.6408239288026496,2.8286853699367325,13.981253301999528,15.107323672968253
Iwobi,MID,FUL,5.4,0.7,14,5,2.8,3.3,3479,3252,408,5,1.1,0,0,0.39,1.22,0.09,0.36,2,0.44,7,0,29,2,94,60.6,167.5,49.0,27.7,261,6.4,1.8,8.16,1.61,IPS(A) (2),12,0,False,3.9739961192583824,2.053426147749143,1.2306385232328536,1.6685859486625276,IPS,HUL,COV,AVL,NEW,4.849746447703024,1.9580268213973546,3.7543268702629295,2.6520829009372306,4.230399994995308,2.8654653295302035,5.243514857781228,2.6269170107727264,4.209786258952718,2.32735673062617,22.287774429695208,12.429848793263687
Smith Rowe,MID,FUL,5.3,0.2,3,0,1.0,0.7,308,1343,38,0,0.0,0,0,0.06,0.02,0.14,0.19,0,0.0,0,0,3,0,11,6.6,23.8,9.0,4.0,262,7.11,2.06,0.87,0.08,IPS(A) (2),12,0,False,0.3455642826925175,0.21733694729393582,1.2306385232328536,0.17660502510761455,IPS,HUL,COV,AVL,NEW,0.42171635355140524,0.20723977463159152,0.32646264188042634,0.28069945553774,0.3678602333526674,0.3032840932601133,0.45595702568397917,0.27803586924305723,0.3660677376643475,0.24633007018671718,1.9380639921328258,1.3155892628592194
Kevin,MID,FUL,5.3,0.0,4,1,1.0,0.7,195,287,61,0,0.0,0,0,0.07,0.12,0.1,0.28,0,0.0,1,0,8,0,14,10.6,6.8,18.0,3.5,263,11.8,1.81,1.23,0.19,IPS(A) (2),12,0,False,0.5244287235706089,0.4756640263320612,1.2306385232328536,0.38651806956481816,IPS,HUL,COV,AVL,NEW,0.639997187436767,0.45356533642709485,0.49544005312371925,0.6143393236757047,0.5582650820460586,0.6637681016448097,0.6919608679444061,0.6085097940113435,0.5555447886797797,0.539118426252702,2.9412079792307306,2.879300982011655
Bobb,MID,FUL,5.5,0.3,13,3,2.6,2.7,2363,1800,343,5,1.31,0,0,0.54,1.14,0.14,0.44,3,0.79,6,0,28,0,53,42.0,118.7,77.0,23.8,264,7.35,1.62,6.19,1.68,IPS(A) (2),12,0,False,4.083072192234422,1.7375549086784516,1.2306385232328536,1.4119133083157047,IPS,HUL,COV,AVL,NEW,4.982859636938765,1.6568305213081698,3.857373581781391,2.2441224232957544,4.346513701381628,2.4246809920243453,5.387435987071366,2.2228277124854685,4.3253341707812645,1.969347724522771,22.899517077954414,10.51780937363651
Berge,MID,FUL,4.9,0.3,11,3,2.2,2.3,626,1303,349,4,1.03,0,0,0.08,0.36,0.02,0.11,2,0.52,5,0,19,0,67,51.4,81.0,22.0,15.4,265,4.9,1.9,7.36,0.44,IPS(A) (2),12,0,False,1.3842059455012083,1.5189603611383036,1.2306385232328536,1.2342863744814654,IPS,HUL,COV,AVL,NEW,1.6892436896331604,1.4483915727908367,1.3076916582753728,1.9617987261884553,1.4735154864755056,2.1196419732667264,1.8263994789253062,1.9431830142698436,1.4663353949170694,1.7215922880521641,7.763185708226414,9.194607574568026
Cairney,MID,FUL,4.9,0.0,0,0,0.0,0.0,8,20,0,0,0.0,0,0,0.0,0.0,0.0,0.0,0,0.0,0,0,0,0,0,0.0,0.0,0.0,0.0,266,0.0,0.0,0.0,0.0,IPS(A) (2),12,0,False,0.0,0.0,1.2306385232328536,0.0,IPS,HUL,COV,AVL,NEW,0.0,0.0,0.0,0.0,0.0,0.0,0.0,0.0,0.0,0.0,0.0,0.0
King,MID,FUL,5.5,2.6,24,2,4.8,5.0,88818,18472,425,5,1.06,2,0,1.54,0.46,0.33,0.43,2,0.42,7,0,28,3,109,111.4,67.2,179.0,35.8,268,5.93,1.76,8.29,2.0,IPS(A) (2),12,2,False,5.174496338307664,2.767660758928834,1.2306385232328536,2.2489632062372507,IPS,HUL,COV,AVL,NEW,6.31480114279605,2.6390790847052394,4.8884674418381096,3.5745457816420183,5.508356985452989,3.8621481260988944,6.827522628913439,3.540626545370405,5.481516068031277,3.1368714684205243,29.02066426703186,16.75327100623708
Sessegnon,DEF,FUL,4.3,0.3,3,0,1.0,0.3,299,1306,50,0,0.0,0,0,0.13,0.44,0.23,1.02,0,0.0,1,0,3,0,13,17.2,26.3,31.0,7.5,269,5.4,3.24,1.8,0.57,IPS(A) (2),12,0,False,1.3744142214966928,0.3746729993494697,1.2306385232328536,0.30445414496306683,IPS,HUL,COV,AVL,NEW,1.6772941614296326,0.35726621226860794,1.2984411881105424,0.4839053287145469,1.463091996382257,0.5228395921245257,1.813479725417708,0.4793135007787968,1.4559626960193768,0.42465502242470254,7.708269767359517,2.26797965631118
Reed,MID,FUL,4.4,1.1,0,0,0.0,0.0,2806,6853,0,0,0.0,0,0,0.0,0.0,0.0,0.0,0,0.0,0,0,0,0,0,0.0,0.0,0.0,0.0,270,0.0,0.0,0.0,0.0,IPS(A) (2),12,0,False,0.0,0.0,1.2306385232328536,0.0,IPS,HUL,COV,AVL,NEW,0.0,0.0,0.0,0.0,0.0,0.0,0.0,0.0,0.0,0.0,0.0,0.0
Muniz,FWD,FUL,5.4,0.4,3,0,0.8,0.7,1736,2684,38,0,0.0,0,0,0.4,0.0,0.95,0.95,0,0.0,1,0,3,0,14,11.4,22.2,36.0,7.0,271,7.11,2.01,0.85,0.4,IPS(A) (2),12,0,False,1.0624056446790135,0.2885834614322908,1.2306385232328536,0.23449896617423446,IPS,HUL,COV,AVL,NEW,1.296528191442526,0.2751762746936367,1.0036794046194935,0.3727172094291243,1.1309524969470328,0.40270545123645096,1.401797992672587,0.36918045710829783,1.1254416336063666,0.3270809919548615,5.958399719288006,1.7468603844223711
Kusi-Asare,FWD,FUL,4.5,5.4,0,0,0.0,0.0,10922,33306,0,0,0.0,0,0,0.0,0.0,0.0,0.0,0,0.0,0,0,0,0,0,0.0,0.0,0.0,0.0,272,0.0,0.0,0.0,0.0,IPS(A) (2),12,0,False,0.0,0.0,1.2306385232328536,0.0,IPS,HUL,COV,AVL,NEW,0.0,0.0,0.0,0.0,0.0,0.0,0.0,0.0,0.0,0.0,0.0,0.0
Gonzalo,FWD,FUL,6.0,4.0,14,2,2.8,2.0,68967,32608,425,5,1.06,1,0,2.33,0.58,0.49,0.61,2,0.42,7,0,18,0,53,53.0,46.8,125.0,22.1,569,3.81,1.76,8.29,2.91,IPS(A) (2),12,1,False,5.734700528795696,1.5029182023998557,1.2306385232328536,1.2212507361233345,IPS,HUL,COV,AVL,NEW,6.998457644029547,1.4330947104627585,5.417705413408048,1.9410796295065542,6.1047057823610205,2.0972558505779557,7.566687667847468,1.9226605232488065,6.074958998661102,1.7034100777230392,32.16251550630719,9.097500791519114
Palacios,MID,FUL,5.4,0.2,12,1,3.0,3.0,707,947,226,3,1.19,1,0,0.98,0.03,0.39,0.4,0,0.0,7,0,17,1,48,45.4,32.6,62.0,14.0,570,6.77,2.17,5.46,1.01,IPS(A) (2),12,1,False,2.2420608505751516,1.3503202248962278,1.2306385232328536,1.097251710720849,IPS,HUL,COV,AVL,NEW,2.7361442536184546,1.2875862230157606,2.1181272058337317,1.7439931711995005,2.3867195453684364,1.884312125101205,2.95830167650852,1.727444238819392,2.375089626974403,1.5304552673383047,12.574382308303548,8.173791025474163
Charles,MID,FUL,5.0,0.1,13,4,2.6,3.7,617,437,303,3,0.89,0,0,0.09,0.16,0.03,0.08,1,0.3,5,0,46,0,60,85.4,46.1,14.0,14.5,580,13.66,1.98,6.65,0.25,IPS(A) (2),12,0,False,0.7919260928191704,3.0979800828015978,1.2306385232328536,2.5173761623057995,IPS,HUL,COV,AVL,NEW,0.9664430060414447,2.954052231646838,0.7481510601193511,4.00116654501954,0.8430214923622199,4.323094126649626,1.0449120002504886,3.9631990600037943,0.8389136485312954,3.511255958709522,4.441441207304799,18.75276792202932
De Fougerolles,DEF,FUL,4.0,0.1,0,0,0.0,0.0,0,504,0,0,0.0,0,0,0.0,0.0,0.0,0.0,0,0.0,0,0,0,0,0,0.0,0.0,0.0,0.0,610,0.0,0.0,0.0,0.0,IPS(A) (2),12,0,False,0.0,0.0,1.2306385232328536,0.0,IPS,HUL,COV,AVL,NEW,0.0,0.0,0.0,0.0,0.0,0.0,0.0,0.0,0.0,0.0,0.0,0.0
Zepa,MID,FUL,4.4,0.3,0,0,0.0,0.0,707,2257,0,0,0.0,0,0,0.0,0.0,0.0,0.0,0,0.0,0,0,0,0,0,0.0,0.0,0.0,0.0,626,0.0,0.0,0.0,0.0,IPS(A) (2),12,0,False,0.0,0.0,1.2306385232328536,0.0,IPS,HUL,COV,AVL,NEW,0.0,0.0,0.0,0.0,0.0,0.0,0.0,0.0,0.0,0.0,0.0,0.0
Larsson,MID,FUL,5.0,0.0,3,1,1.0,1.0,95,71,37,0,0.0,0,0,0.13,0.23,0.32,0.88,0,0.0,1,0,6,0,9,6.8,1.9,9.0,1.8,635,14.59,2.14,0.88,0.36,IPS(A) (2),12,0,False,0.6574422965540382,0.33967854240339834,1.2306385232328536,0.27601812879306925,IPS,HUL,COV,AVL,NEW,0.8023229883973017,0.3238975491804561,0.6211010795000007,0.4387085725536344,0.6998607458557196,0.47400637588510963,0.8674664862929559,0.4345456213324604,0.6964504903955487,0.38499224468257526,3.6872017904415264,2.0561503636342358
Ángel,MID,FUL,5.0,0.0,0,0,0.0,0.0,32,27,0,0,0.0,0,0,0.0,0.0,0.0,0.0,0,0.0,0,0,0,0,0,0.0,0.0,0.0,0.0,636,0.0,0.0,0.0,0.0,IPS(A) (2),12,0,False,0.0,0.0,1.2306385232328536,0.0,IPS,HUL,COV,AVL,NEW,0.0,0.0,0.0,0.0,0.0,0.0,0.0,0.0,0.0,0.0,0.0,0.0
Affengruber,DEF,FUL,4.5,0.1,12,4,6.0,4.0,5889,1391,180,2,1.0,0,0,0.0,0.02,0.0,0.01,1,0.5,1,0,23,0,40,51.0,14.6,0.0,6.6,650,11.5,1.44,2.88,0.02,IPS(A) (2),12,0,False,0.11389350063216472,1.6721871387650378,1.2306385232328536,1.3587963542472634,IPS,HUL,COV,AVL,NEW,0.13899223439865413,1.5944996471807056,0.10759784784375692,2.159697305280289,0.12124195647031051,2.3334631614922303,0.15027751533912415,2.1392037131855424,0.1206511731659131,1.895259781578844,0.6387607272177588,10.122123608717612
Iroegbunam,MID,HUL,5.0,0.0,2,1,0.7,0.3,75,138,70,0,0.0,0,0,0.12,0.01,0.15,0.16,0,0.0,0,0,9,0,10,9.2,11.5,10.0,3.1,240,11.57,0.77,0.6,0.13,EVE(H) (3),16,0,False,0.35314192708803527,0.49467478982627355,0.9447233358052581,0.5236186839871224,EVE,FUL,BRE,IPS,ARS,0.32473782792375816,0.5099433003646977,0.4345900596432238,0.4733686950353947,0.35523673415807255,0.4321382789366785,0.4309638849747568,0.6144480769800192,0.23511302332893325,0.40022995510408205,1.7806415300287446,2.430128306420872
Phillips,GKP,HUL,4.0,1.4,0,0,0.0,0.0,3011,3523,0,0,0.0,0,0,0.0,0.0,0.0,0.0,0,0.0,0,0,0,0,0,0.0,0.0,0.0,0.0,273,0.0,0.0,0.0,0.0,EVE(H) (3),16,0,False,0.0,0.0,0.9447233358052581,0.0,EVE,FUL,BRE,IPS,ARS,0.0,0.0,0.0,0.0,0.0,0.0,0.0,0.0,0.0,0.0,0.0,0.0
Butland,GKP,HUL,4.4,0.1,0,0,0.0,0.0,68,323,0,0,0.0,0,0,0.0,0.0,0.0,0.0,0,0.0,0,0,0,0,0,0.0,0.0,0.0,0.0,274,0.0,0.0,0.0,0.0,EVE(H) (3),16,0,False,0.0,0.0,0.9447233358052581,0.0,EVE,FUL,BRE,IPS,ARS,0.0,0.0,0.0,0.0,0.0,0.0,0.0,0.0,0.0,0.0,0.0,0.0
Cartwright,GKP,HUL,4.0,0.0,0,0,0.0,0.0,0,25,0,0,0.0,0,0,0.0,0.0,0.0,0.0,0,0.0,0,0,0,0,0,0.0,0.0,0.0,0.0,275,0.0,0.0,0.0,0.0,EVE(H) (3),16,0,False,0.0,0.0,0.9447233358052581,0.0,EVE,FUL,BRE,IPS,ARS,0.0,0.0,0.0,0.0,0.0,0.0,0.0,0.0,0.0,0.0,0.0,0.0
Lo-Tutala,GKP,HUL,4.0,0.0,0,0,0.0,0.0,0,115,0,0,0.0,0,0,0.0,0.0,0.0,0.0,0,0.0,0,0,0,0,0,0.0,0.0,0.0,0.0,276,0.0,0.0,0.0,0.0,EVE(H) (3),16,0,False,0.0,0.0,0.9447233358052581,0.0,EVE,FUL,BRE,IPS,ARS,0.0,0.0,0.0,0.0,0.0,0.0,0.0,0.0,0.0,0.0,0.0,0.0
Egan,DEF,HUL,4.1,7.0,26,1,5.2,3.0,27209,29617,437,5,1.03,0,0,0.05,0.0,0.01,0.01,3,0.62,4,0,59,1,71,110.8,1.3,21.0,13.4,277,12.15,1.5,7.27,0.05,EVE(H) (3),16,0,True,0.3056286931429815,3.992275844983083,0.9447233358052581,4.225867715631443,EVE,FUL,BRE,IPS,ARS,0.2810462036632842,4.115500450451309,0.37611844358706575,3.8203248797551637,0.30744165585879796,3.487574560444746,0.3729801500568402,4.95890687412053,0.20347990580853287,3.2300582424300153,1.5410663589745208,19.612365007201763
Hughes,DEF,HUL,3.9,0.2,0,0,0.0,0.0,1099,1949,0,0,0.0,0,0,0.0,0.0,0.0,0.0,0,0.0,0,0,0,0,0,0.0,0.0,0.0,0.0,278,0.0,0.0,0.0,0.0,EVE(H) (3),16,0,False,0.0,0.0,0.9447233358052581,0.0,EVE,FUL,BRE,IPS,ARS,0.0,0.0,0.0,0.0,0.0,0.0,0.0,0.0,0.0,0.0,0.0,0.0
Ajayi,DEF,HUL,4.2,14.0,27,1,5.4,2.3,43723,59306,423,5,1.06,1,0,0.66,0.01,0.14,0.14,3,0.64,4,0,27,2,79,85.6,4.2,51.0,14.1,279,5.74,1.37,6.43,0.67,EVE(H) (3),16,1,False,1.4957096559736682,2.34491974865061,0.9447233358052581,2.482123241564537,EVE,FUL,BRE,IPS,ARS,1.3754059419979219,2.4172974655474113,1.8406779222125547,2.2439219143779154,1.5045820750259538,2.048476302546927,1.825319495331339,2.912684171224589,0.9958059133278211,1.897220446699348,7.5417913478955905,11.51960030039619
Coyle,DEF,HUL,4.0,0.7,14,1,2.8,2.7,2078,2050,348,5,1.29,0,0,0.13,0.07,0.03,0.05,2,0.52,4,0,11,0,49,24.0,29.9,11.0,6.5,280,2.84,1.61,6.22,0.2,EVE(H) (3),16,0,False,0.5774344969240277,0.7939335353219998,0.9447233358052581,0.8403873443490957,EVE,FUL,BRE,IPS,ARS,0.5309899785776808,0.8184388927814522,0.7106131365582912,0.7597380931666218,0.5808597879298684,0.6935649008202989,0.704683853783202,0.9861649391914108,0.3844413815875943,0.6423532990414629,2.9115881384366364,3.900260125001247
Drameh,DEF,HUL,4.0,0.0,2,0,1.0,0.0,0,256,65,0,0.0,0,0,0.05,0.0,0.07,0.07,0,0.0,0,0,6,0,8,6.4,0.4,1.0,0.8,281,8.31,1.2,0.87,0.05,EVE(H) (3),16,0,False,0.08111943172485639,0.3337413328918688,0.9447233358052581,0.3532688568631537,EVE,FUL,BRE,IPS,ARS,0.07459479047972827,0.34404251088429655,0.09982869766336556,0.31936678900875387,0.0816006251093289,0.2915499398232427,0.09899573729848715,0.4145485567925854,0.05400727973827198,0.2700224095240414,0.40902713028918186,1.6395302060329198
Giles,DEF,HUL,4.0,2.9,24,0,4.8,4.0,21386,13892,444,5,1.01,0,1,0.02,0.43,0.0,0.09,3,0.61,4,0,24,2,94,82.8,132.5,6.0,22.2,282,4.86,1.49,7.33,0.45,EVE(H) (3),16,1,False,1.527992606222016,2.183986291716205,0.9447233358052581,2.311773414440568,EVE,FUL,BRE,IPS,ARS,1.4050922928344391,2.25139667606701,1.880406564431781,2.0899200083512746,1.5370565249157615,1.9078879634334913,1.8647166458543534,2.712784651037155,1.0172990905822297,1.7670129011193074,7.704571118618565,10.729002200008239
Jacob,DEF,HUL,4.0,0.0,0,0,0.0,0.0,0,36,0,0,0.0,0,0,0.0,0.0,0.0,0.0,0,0.0,0,0,0,0,0,0.0,0.0,0.0,0.0,283,0.0,0.0,0.0,0.0,EVE(H) (3),16,0,False,0.0,0.0,0.9447233358052581,0.0,EVE,FUL,BRE,IPS,ARS,0.0,0.0,0.0,0.0,0.0,0.0,0.0,0.0,0.0,0.0,0.0,0.0
McCarthy,DEF,HUL,4.0,0.1,0,0,0.0,0.0,393,439,0,0,0.0,0,0,0.0,0.0,0.0,0.0,0,0.0,0,0,0,0,0,0.0,0.0,0.0,0.0,284,0.0,0.0,0.0,0.0,EVE(H) (3),16,0,False,0.0,0.0,0.9447233358052581,0.0,EVE,FUL,BRE,IPS,ARS,0.0,0.0,0.0,0.0,0.0,0.0,0.0,0.0,0.0,0.0,0.0,0.0
McNair,DEF,HUL,4.0,0.1,1,0,1.0,0.0,195,413,26,0,0.0,0,0,0.0,0.0,0.0,0.0,0,0.0,0,0,2,0,3,4.2,0.0,0.0,0.4,285,6.92,3.32,0.96,0.0,EVE(H) (3),16,0,False,0.0,0.14192269344019243,0.9447233358052581,0.15022672571035955,EVE,FUL,BRE,IPS,ARS,0.0,0.14630324443045845,0.0,0.13580995347122102,0.0,0.12398090573170575,0.0,0.17628576967663243,0.0,0.11482637561491052,0.0,0.6972062489249281
Belloumi,MID,HUL,5.1,5.2,31,4,6.2,7.3,76774,25180,394,5,1.14,2,2,0.72,0.43,0.16,0.26,3,0.69,3,0,44,2,111,157.8,67.5,100.0,32.5,286,10.05,1.47,6.44,1.15,EVE(H) (3),16,4,False,3.147046561476935,4.09303301081932,0.9447233358052581,4.332520279421829,EVE,FUL,BRE,IPS,ARS,2.8939216398798906,4.219367562215724,3.8728767329610054,3.9167423424767116,3.1657145668340982,3.5755940616008495,3.840561848642925,5.084059900034333,2.095224539682914,3.311578539781764,15.86829932800083,20.10734240610938
Millar,MID,HUL,5.0,0.0,6,0,3.0,0.0,0,300,50,0,0.0,1,0,0.58,0.0,1.04,1.04,0,0.0,0,0,4,0,26,36.0,1.1,15.0,5.2,287,7.2,1.57,0.87,0.58,EVE(H) (3),16,1,False,0.9585142275713742,0.6935128431759259,0.9447233358052581,0.7340909416456758,EVE,FUL,BRE,IPS,ARS,0.8814185017967322,0.7149186402214613,1.1795845335161153,0.6636426119062316,0.9642000502580338,0.6058393365382083,1.169742201737374,0.8614298557645246,0.638154692665317,0.561105234786442,4.833099979973572,3.4069356792168684
Dowell,MID,HUL,4.5,0.3,0,0,0.0,0.0,589,2022,0,0,0.0,0,0,0.0,0.0,0.0,0.0,0,0.0,0,0,0,0,0,0.0,0.0,0.0,0.0,288,0.0,0.0,0.0,0.0,EVE(H) (3),16,0,False,0.0,0.0,0.9447233358052581,0.0,EVE,FUL,BRE,IPS,ARS,0.0,0.0,0.0,0.0,0.0,0.0,0.0,0.0,0.0,0.0,0.0,0.0
Crooks,MID,HUL,4.4,0.5,3,0,1.0,0.3,5074,4193,203,3,1.33,0,0,0.0,0.12,0.0,0.05,1,0.44,4,0,21,0,17,37.8,17.3,0.0,5.4,289,9.31,1.58,3.57,0.12,EVE(H) (3),16,0,False,0.29050041134070254,1.3966772313154294,0.9447233358052581,1.4783981493639482,EVE,FUL,BRE,IPS,ARS,0.2671347278631709,1.439786727622298,0.3575009972108587,1.3365210679234774,0.2922236344100877,1.2201100751114893,0.35451804573446744,1.7348481398151139,0.1934078758413316,1.1300193118403752,1.4647852810599162,6.861285322312753
Slater,MID,HUL,4.5,5.2,15,2,3.0,2.3,15811,37394,437,5,1.03,0,1,0.21,0.59,0.04,0.16,3,0.62,4,0,33,0,67,62.2,85.1,26.0,17.4,290,6.8,1.5,7.27,0.8,EVE(H) (3),16,1,False,1.999072661219873,2.236338972933525,0.9447233358052581,2.3671893010108893,EVE,FUL,BRE,IPS,ARS,1.8382821864832686,2.3053652622815544,2.460135827638795,2.1400178117953312,2.0109309856583577,1.9536222479053529,2.4396087078365256,2.7778132414571908,1.3309323566002167,1.8093702471658784,10.079890064217164,10.986188810605308
Matazo,MID,HUL,4.5,0.0,0,0,0.0,0.0,30,54,0,0,0.0,0,0,0.0,0.0,0.0,0.0,0,0.0,0,0,0,0,0,0.0,0.0,0.0,0.0,291,0.0,0.0,0.0,0.0,EVE(H) (3),16,0,False,0.0,0.0,0.9447233358052581,0.0,EVE,FUL,BRE,IPS,ARS,0.0,0.0,0.0,0.0,0.0,0.0,0.0,0.0,0.0,0.0,0.0,0.0
Ömür,MID,HUL,4.9,0.0,0,0,0.0,0.0,86,147,0,0,0.0,0,0,0.0,0.0,0.0,0.0,0,0.0,0,0,0,0,0,0.0,0.0,0.0,0.0,292,0.0,0.0,0.0,0.0,EVE(H) (3),16,0,False,0.0,0.0,0.9447233358052581,0.0,EVE,FUL,BRE,IPS,ARS,0.0,0.0,0.0,0.0,0.0,0.0,0.0,0.0,0.0,0.0,0.0,0.0
Kamara,MID,HUL,5.0,0.0,0,0,0.0,0.0,0,12,0,0,0.0,0,0,0.0,0.0,0.0,0.0,0,0.0,0,0,0,0,0,0.0,0.0,0.0,0.0,293,0.0,0.0,0.0,0.0,EVE(H) (3),16,0,False,0.0,0.0,0.9447233358052581,0.0,EVE,FUL,BRE,IPS,ARS,0.0,0.0,0.0,0.0,0.0,0.0,0.0,0.0,0.0,0.0,0.0,0.0
Zambrano,MID,HUL,4.5,0.1,0,0,0.0,0.0,151,492,0,0,0.0,0,0,0.0,0.0,0.0,0.0,0,0.0,0,0,0,0,0,0.0,0.0,0.0,0.0,294,0.0,0.0,0.0,0.0,EVE(H) (3),16,0,False,0.0,0.0,0.9447233358052581,0.0,EVE,FUL,BRE,IPS,ARS,0.0,0.0,0.0,0.0,0.0,0.0,0.0,0.0,0.0,0.0,0.0,0.0
McBurnie,FWD,HUL,5.5,1.9,13,1,2.6,2.3,8064,18024,441,5,1.02,0,2,1.23,0.13,0.25,0.28,3,0.61,4,0,21,0,52,47.2,69.1,114.0,23.0,295,4.29,1.47,7.21,1.36,EVE(H) (3),16,2,False,3.5177516797874513,1.5362016548363748,0.9447233358052581,1.626086280092738,EVE,FUL,BRE,IPS,ARS,3.2348100070953945,1.5836176777233533,4.329080732313519,1.4700360471502756,3.5386186755311124,1.3419958988688478,4.2929593288415875,1.9081549577232968,2.3420306945005707,1.2429053026169057,17.737499438282185,7.546709884082679
Akintola,MID,HUL,5.0,0.0,0,0,0.0,0.0,0,272,0,0,0.0,0,0,0.0,0.0,0.0,0.0,0,0.0,0,0,0,0,0,0.0,0.0,0.0,0.0,296,0.0,0.0,0.0,0.0,EVE(H) (3),16,0,False,0.0,0.0,0.9447233358052581,0.0,EVE,FUL,BRE,IPS,ARS,0.0,0.0,0.0,0.0,0.0,0.0,0.0,0.0,0.0,0.0,0.0,0.0
Gyabi,MID,HUL,4.4,0.0,0,0,0.0,0.0,60,143,0,0,0.0,0,0,0.0,0.0,0.0,0.0,0,0.0,0,0,0,0,0,0.0,0.0,0.0,0.0,297,0.0,0.0,0.0,0.0,EVE(H) (3),16,0,False,0.0,0.0,0.9447233358052581,0.0,EVE,FUL,BRE,IPS,ARS,0.0,0.0,0.0,0.0,0.0,0.0,0.0,0.0,0.0,0.0,0.0,0.0
Destan,FWD,HUL,4.5,0.2,0,0,0.0,0.0,0,1344,0,0,0.0,0,0,0.0,0.0,0.0,0.0,0,0.0,0,0,0,0,0,0.0,0.0,0.0,0.0,298,0.0,0.0,0.0,0.0,EVE(H) (3),16,0,False,0.0,0.0,0.9447233358052581,0.0,EVE,FUL,BRE,IPS,ARS,0.0,0.0,0.0,0.0,0.0,0.0,0.0,0.0,0.0,0.0,0.0,0.0
Burstow,FWD,HUL,4.5,0.0,0,0,0.0,0.0,0,218,0,0,0.0,0,0,0.0,0.0,0.0,0.0,0,0.0,0,0,0,0,0,0.0,0.0,0.0,0.0,299,0.0,0.0,0.0,0.0,EVE(H) (3),16,0,False,0.0,0.0,0.9447233358052581,0.0,EVE,FUL,BRE,IPS,ARS,0.0,0.0,0.0,0.0,0.0,0.0,0.0,0.0,0.0,0.0,0.0,0.0
Gelhardt,MID,HUL,5.0,0.0,1,1,1.0,0.3,97,109,7,0,0.0,0,0,0.1,0.02,1.29,1.55,0,0.0,0,0,1,0,5,1.6,1.3,12.0,1.5,340,12.86,1.67,0.13,0.12,EVE(H) (3),16,0,False,0.30707658767599333,0.06353983483068423,0.9447233358052581,0.0672576112206697,EVE,FUL,BRE,IPS,ARS,0.2823776403737027,0.06550103976304544,0.3779002783769683,0.060803116138440416,0.30889813917572856,0.05550716436812105,0.37474711740089317,0.07892443707724268,0.20444387761421703,0.05140861382998025,1.54836705294151,0.31214437117682986
Targett,DEF,HUL,4.0,1.6,1,0,1.0,0.0,112,9935,5,0,0.0,0,0,0.0,0.0,0.0,0.0,0,0.0,0,0,0,0,3,0.4,0.0,0.0,0.0,556,0.0,1.26,0.07,0.0,EVE(H) (3),16,0,False,0.0,0.0059372095115295806,0.9447233358052581,0.006284601307608067,EVE,FUL,BRE,IPS,ARS,0.0,0.006120465961747022,0.0,0.00568148847773608,0.0,0.005186630798185461,0.0,0.007374758208858835,0.0,0.0048036591819800144,0.0,0.02916700262850741
Morita,MID,HUL,4.9,0.0,1,0,1.0,0.0,24,179,45,1,2.0,0,0,0.0,0.0,0.0,0.0,0,0.0,0,0,3,0,6,11.0,13.4,0.0,2.4,563,6.0,2.18,1.09,0.0,EVE(H) (3),16,0,False,0.0748838113635936,0.2826462519207612,0.9447233358052581,0.29918415392993414,EVE,FUL,BRE,IPS,ARS,0.06886071684941464,0.2913703416962152,0.0921549030305404,0.27047241982023046,0.07532801559266744,0.2469142704762378,0.09138597201721094,0.35108206346904,0.04985576035467165,0.22868255881063096,0.3775853678445051,1.3885216542723544
Tzolakis,GKP,HUL,4.7,12.8,34,6,6.8,4.7,125888,22169,450,5,1.0,0,0,0.0,0.0,0.0,0.0,3,0.6,4,0,0,6,129,150.0,0.0,0.0,15.0,572,0.0,1.48,7.4,0.0,EVE(H) (3),16,0,True,0.0,2.2264535668235927,0.9447233358052581,2.3567254903530253,EVE,FUL,BRE,IPS,ARS,0.0,2.295174735655133,0.0,2.13055817915103,0.0,1.944986549319548,0.0,2.7655343283220635,0.0,1.8013721932425055,0.0,10.93762598569028
Hjertø-Dahl,MID,HUL,4.9,0.1,1,0,1.0,0.3,75,327,8,0,0.0,0,0,0.0,0.0,0.0,0.0,0,0.0,0,0,1,0,4,0.0,0.0,0.0,0.0,574,11.25,0.0,0.0,0.0,EVE(H) (3),16,0,False,0.0,0.039790996784565914,0.9447233358052581,0.04211920599023743,EVE,FUL,BRE,IPS,ARS,0.0,0.04101917591605736,0.0,0.03807716222749609,0.0,0.034760641175379206,0.0,0.04942540424180734,0.0,0.03219397710206019,0.0,0.19547636066280016
Stroud,MID,HUL,5.0,0.1,7,0,1.8,1.3,145,460,249,4,1.45,0,0,0.06,0.05,0.02,0.04,2,0.72,1,0,20,0,17,8.4,22.7,12.0,3.8,576,7.23,1.56,4.32,0.11,EVE(H) (3),16,0,False,0.4207945813686522,0.9205013354334396,0.9447233358052581,0.9743607472645182,EVE,FUL,BRE,IPS,ARS,0.3869490079598452,0.9489133035178348,0.517846022199905,0.8808545025823796,0.42329069807547615,0.804132070269479,0.5135251683602906,1.1433780072221824,0.28015446096082824,0.7447563848627843,2.1217653575563453,4.52203426845466
Herrington,DEF,HUL,4.0,0.6,5,1,1.0,1.0,1045,1693,197,1,0.46,0,0,0.02,0.04,0.01,0.03,0,0.0,3,0,16,0,19,42.8,23.1,11.0,7.7,585,7.31,1.54,3.36,0.06,EVE(H) (3),16,0,False,0.3415760080912119,1.2719373662867197,0.9447233358052581,1.346359635757862,EVE,FUL,BRE,IPS,ARS,0.31410218507063914,1.3111966725638489,0.4203565941691423,1.217153862757698,0.343602207139863,1.1111397542119117,0.4168491820696788,1.5799055962168127,0.22741272502296975,1.0290951661048247,1.7223228934722932,6.248491051855096
Mendy,DEF,HUL,4.1,6.3,25,0,6.2,3.0,7067,33625,249,4,1.45,1,0,0.32,0.0,0.12,0.12,2,0.72,1,0,39,1,69,108.2,1.4,54.0,16.4,586,14.1,1.45,4.02,0.32,EVE(H) (3),16,1,False,1.0350436928916378,3.1578640474668225,0.9447233358052581,3.3426336873272424,EVE,FUL,BRE,IPS,ARS,0.9517925084891564,3.2553339033788067,1.2737646417016444,3.0218519600999576,1.04118348168292,2.7586486367489567,1.2631364808064796,3.9224628609268017,0.6891060880817791,2.5549549157059417,5.218983200761979,15.513252276860465
Gourna-Douath,MID,HUL,5.0,0.0,4,1,1.3,1.0,32,109,138,1,0.65,0,0,0.03,0.03,0.02,0.04,1,0.65,0,0,17,0,18,29.4,33.5,2.0,6.5,589,11.09,1.47,2.26,0.06,EVE(H) (3),16,0,False,0.29835908193724436,1.1128318444350447,0.9447233358052581,1.177944697943229,EVE,FUL,BRE,IPS,ARS,0.27436130568963524,1.147180238761381,0.3671721799883604,1.0649011609810353,0.3001289219542757,0.9721482636480778,0.36410853315959346,1.382276600461849,0.19863998129687704,0.9003665606105542,1.5044109220887418,5.4668728244628975
Cho,MID,HUL,5.0,0.0,9,6,2.2,2.7,353,150,72,0,0.0,1,0,0.79,0.36,0.99,1.44,0,0.0,1,0,2,0,36,49.8,43.9,55.0,14.9,617,2.5,1.22,0.98,1.15,EVE(H) (3),16,1,False,2.503343480641525,0.8187645777545646,0.9447233358052581,0.8666712747776792,EVE,FUL,BRE,IPS,ARS,2.3019932273518258,0.8440363640696189,3.080710924161278,0.7834996399331342,2.518193095540614,0.7152568167248483,3.0550057897105862,1.0170082054865397,1.6666631997442736,0.6624435223606322,12.622566236508579,4.022244548574774
Ansah,FWD,HUL,5.0,0.0,0,0,0.0,0.0,74,416,0,0,0.0,0,0,0.0,0.0,0.0,0.0,0,0.0,0,0,0,0,0,0.0,0.0,0.0,0.0,632,0.0,0.0,0.0,0.0,EVE(H) (3),16,0,False,0.0,0.0,0.9447233358052581,0.0,EVE,FUL,BRE,IPS,ARS,0.0,0.0,0.0,0.0,0.0,0.0,0.0,0.0,0.0,0.0,0.0,0.0
Vaz,FWD,HUL,5.0,0.1,2,1,1.0,0.7,1850,1158,20,0,0.0,0,0,0.0,0.01,0.0,0.04,0,0.0,0,0,2,0,8,2.4,11.7,2.0,1.6,637,9.0,1.4,0.31,0.01,EVE(H) (3),16,0,False,0.10348343966514027,0.1152052506383093,0.9447233358052581,0.12194601982612326,EVE,FUL,BRE,IPS,ARS,0.09516000464753509,0.11876114760259684,0.12735070736856433,0.11024325532140866,0.10409729439156666,0.10064106713987118,0.1262881061911459,0.14309935773676769,0.0688966743903027,0.09320990929600047,0.5217927869891147,0.5659547370966448
Norton-Cuffy,DEF,HUL,4.0,0.2,1,0,0.5,0.3,454,2595,34,0,0.0,0,0,0.05,0.0,0.13,0.13,0,0.0,0,0,1,0,3,2.2,0.6,9.0,1.2,638,2.65,0.79,0.3,0.05,EVE(H) (3),16,0,False,0.1700290012310486,0.07244564909797861,0.9447233358052581,0.0766845131820818,EVE,FUL,BRE,IPS,ARS,0.15635313823853075,0.07468173870566598,0.20924423898173472,0.06932534885504454,0.17103759841696528,0.06328711056539925,0.20749832661654827,0.08998657439053094,0.11320103750542503,0.058614102602950274,0.857334339759204,0.35589487511959095
Thomas,MID,HUL,5.5,0.0,4,2,1.3,1.3,481,350,119,1,0.76,0,0,0.21,0.11,0.16,0.24,0,0.0,3,0,8,0,13,8.8,40.9,12.0,5.8,642,6.05,1.54,2.04,0.32,EVE(H) (3),16,0,False,0.8231437929575771,0.44894658353017813,0.9447233358052581,0.475214876689277,EVE,FUL,BRE,IPS,ARS,0.7569362539252673,0.4628036584868934,1.0129924617736026,0.42961004433016253,0.8280266100486074,0.3921910069631139,1.0045401570723698,0.5576479145293531,0.5480284581118446,0.3632323188200419,4.150523940931691,2.205484943129565
Mouzakitis,MID,HUL,5.0,0.0,0,0,0.0,0.0,90,91,0,0,0.0,0,0,0.0,0.0,0.0,0.0,0,0.0,0,0,0,0,0,0.0,0.0,0.0,0.0,645,0.0,0.0,0.0,0.0,EVE(H) (3),16,0,False,0.0,0.0,0.9447233358052581,0.0,EVE,FUL,BRE,IPS,ARS,0.0,0.0,0.0,0.0,0.0,0.0,0.0,0.0,0.0,0.0,0.0,0.0
Diop,DEF,IPS,4.0,12.7,12,4,2.4,2.7,7111,55591,450,5,1.0,0,0,0.06,0.16,0.01,0.04,0,0.0,11,0,45,0,45,121.6,24.2,9.0,15.5,259,9.0,1.8,8.98,0.22,FUL(H) (2),15,0,False,0.5739253545196237,3.5955065468104586,1.2203702022255805,2.9462424928545117,FUL,MCI,NFO,HUL,BOU,0.7062946507319217,2.663501144536446,0.4869710259038669,2.2067745106016092,0.3405915746358743,2.8385365130846854,0.5422006754249943,4.682815016857398,0.5522835180579024,2.9817888392431384,2.6283414447545597,15.373416024323278
Lukić,MID,IPS,4.9,0.1,11,2,2.2,1.7,194,526,400,5,1.12,0,1,0.02,0.41,0.0,0.09,0,0.0,10,0,37,0,68,71.0,81.2,6.0,15.8,267,8.32,1.66,7.37,0.43,FUL(H) (2),15,1,False,1.2090068759597106,2.5261215693254395,1.2203702022255805,2.0699633313879424,FUL,MCI,NFO,HUL,BOU,1.487850436409424,1.8713156556772648,1.0258325652884166,1.5504298538445094,0.717475804799346,1.9942915463140851,1.1421770088681518,3.290039905430923,1.163417098674968,2.0949373903011934,5.5367529140403065,10.801014351567977
Walton,GKP,IPS,4.4,0.4,2,2,2.0,0.7,1696,1058,90,1,1.0,0,0,0.0,0.01,0.0,0.01,0,0.0,1,0,0,0,10,12.0,0.0,0.0,1.2,300,0.0,2.24,2.24,0.01,FUL(H) (2),15,0,False,0.016151838155318687,0.17811628534588742,1.2203702022255805,0.14595266667529083,FUL,MCI,NFO,HUL,BOU,0.019877074254957446,0.13194606203684953,0.013704704165426143,0.1093204735708323,0.00958518376520982,0.14061706548075012,0.015259018421479316,0.23198000195674479,0.015542777347740016,0.14771358216631586,0.07396875795481274,0.7615771852114925
Palmer,GKP,IPS,4.0,3.9,0,0,0.0,0.0,4002,11955,0,0,0.0,0,0,0.0,0.0,0.0,0.0,0,0.0,0,0,0,0,0,0.0,0.0,0.0,0.0,301,0.0,0.0,0.0,0.0,FUL(H) (2),15,0,False,0.0,0.0,1.2203702022255805,0.0,FUL,MCI,NFO,HUL,BOU,0.0,0.0,0.0,0.0,0.0,0.0,0.0,0.0,0.0,0.0,0.0,0.0
Button,GKP,IPS,4.0,0.6,0,0,0.0,0.0,1473,1332,0,0,0.0,0,0,0.0,0.0,0.0,0.0,0,0.0,0,0,0,0,0,0.0,0.0,0.0,0.0,302,0.0,0.0,0.0,0.0,FUL(H) (2),15,0,False,0.0,0.0,1.2203702022255805,0.0,FUL,MCI,NFO,HUL,BOU,0.0,0.0,0.0,0.0,0.0,0.0,0.0,0.0,0.0,0.0,0.0,0.0
Kipré,DEF,IPS,3.9,0.9,0,0,0.0,0.0,4516,4412,0,0,0.0,0,0,0.0,0.0,0.0,0.0,0,0.0,0,0,0,0,0,0.0,0.0,0.0,0.0,303,0.0,0.0,0.0,0.0,FUL(H) (2),15,0,False,0.0,0.0,1.2203702022255805,0.0,FUL,MCI,NFO,HUL,BOU,0.0,0.0,0.0,0.0,0.0,0.0,0.0,0.0,0.0,0.0,0.0,0.0
O'Shea,DEF,IPS,4.0,2.7,10,2,2.0,2.0,1993,14791,450,5,1.0,0,0,0.07,0.26,0.01,0.06,0,0.0,11,0,48,0,24,130.0,71.0,21.0,22.1,304,9.6,1.8,8.98,0.33,FUL(H) (2),15,0,False,1.1422481137494775,3.8395609369062775,1.2203702022255805,3.146226390896875,FUL,MCI,NFO,HUL,BOU,1.4056945318701697,2.8442932356886654,0.9691882949742046,2.3565650895512253,0.677858332312952,3.0312095866687487,1.0791084483386704,5.000673306917944,1.0991757060194396,3.184185538312302,5.2310253135154365,16.416926757138885
Davis,DEF,IPS,4.0,6.9,25,2,5.0,5.7,50823,28016,450,5,1.0,2,2,1.59,0.46,0.32,0.41,0,0.0,11,0,24,1,52,144.8,61.9,117.0,32.5,305,4.8,1.8,8.98,2.05,FUL(H) (2),15,4,False,4.53240099062836,3.10425376600329,1.2203702022255805,2.5436984288391216,FUL,MCI,NFO,HUL,BOU,5.5777472618060076,2.2995879303893823,3.845705618043972,1.9052636940216476,2.689718406971908,2.450708278781363,4.281864983073481,4.043003666471325,4.361491167171922,2.5743880905621515,20.75652743706729,13.272951660225871
Greaves,DEF,IPS,4.0,1.1,3,0,0.8,0.7,482,3489,357,4,1.01,0,0,0.0,0.06,0.0,0.02,0,0.0,10,1,30,0,12,68.6,16.9,4.0,9.0,306,7.56,1.7,6.74,0.06,FUL(H) (2),15,0,False,0.2352499950960808,2.2119613347643003,1.2203702022255805,1.8125330581903443,FUL,MCI,NFO,HUL,BOU,0.28950770655557695,1.638590131908237,0.19960771998251403,1.35761118174693,0.1396072949763997,1.7462721684736773,0.22224616011534007,2.880875231427647,0.22637908203849078,1.8344012269115306,1.0773479636683216,9.457749940468021
Johnson,DEF,IPS,4.0,0.1,0,0,0.0,0.0,0,362,0,0,0.0,0,0,0.0,0.0,0.0,0.0,0,0.0,0,0,0,0,0,0.0,0.0,0.0,0.0,307,0.0,0.0,0.0,0.0,FUL(H) (2),15,0,False,0.0,0.0,1.2203702022255805,0.0,FUL,MCI,NFO,HUL,BOU,0.0,0.0,0.0,0.0,0.0,0.0,0.0,0.0,0.0,0.0,0.0,0.0
Furlong,DEF,IPS,3.9,0.6,1,0,1.0,0.0,6428,2934,17,0,0.0,0,0,0.0,0.0,0.0,0.0,0,0.0,1,0,3,0,-1,5.0,0.5,0.0,0.6,308,15.88,4.55,0.86,0.0,FUL(H) (2),15,0,False,0.0027941720658057312,0.1935881092478175,1.2203702022255805,0.15863064248436437,FUL,MCI,NFO,HUL,BOU,0.003438615784721657,0.14340737357511205,0.0023708324204917484,0.11881644477121403,0.00165817985945733,0.15283157169785147,0.0026397195548218595,0.2521306228394693,0.0026888081636573555,0.16054451745537412,0.012796155783149951,0.827730530339021
Núñez,MID,IPS,4.9,0.1,6,0,3.0,0.0,100,642,140,2,1.29,0,0,0.03,0.05,0.02,0.05,0,0.0,4,0,21,0,32,24.6,19.4,6.0,5.0,309,13.5,2.24,3.48,0.08,FUL(H) (2),15,0,False,0.2957630563320951,1.2007493174349535,1.2203702022255805,0.9839221862719653,FUL,MCI,NFO,HUL,BOU,0.3639774108713648,0.8894983612605147,0.2509525634863356,0.7369707029704435,0.17551830439619087,0.9479528784683102,0.27941426118601537,1.5638650248471062,0.2846102894327906,0.9957931843101452,1.3544728293726973,5.134080151856519
Matusiwa,MID,IPS,4.9,0.0,0,0,0.0,0.0,15,18,0,0,0.0,0,0,0.0,0.0,0.0,0.0,0,0.0,0,0,0,0,0,0.0,0.0,0.0,0.0,310,0.0,0.0,0.0,0.0,FUL(H) (2),15,0,False,0.0,0.0,1.2203702022255805,0.0,FUL,MCI,NFO,HUL,BOU,0.0,0.0,0.0,0.0,0.0,0.0,0.0,0.0,0.0,0.0,0.0,0.0
Burns,MID,IPS,5.0,0.0,0,0,0.0,0.0,0,8,0,0,0.0,0,0,0.0,0.0,0.0,0.0,0,0.0,0,0,0,0,0,0.0,0.0,0.0,0.0,311,0.0,0.0,0.0,0.0,FUL(H) (2),15,0,False,0.0,0.0,1.2203702022255805,0.0,FUL,MCI,NFO,HUL,BOU,0.0,0.0,0.0,0.0,0.0,0.0,0.0,0.0,0.0,0.0,0.0,0.0
Taylor,MID,IPS,4.4,0.0,0,0,0.0,0.0,384,275,0,0,0.0,0,0,0.0,0.0,0.0,0.0,0,0.0,0,0,0,0,0,0.0,0.0,0.0,0.0,312,0.0,0.0,0.0,0.0,FUL(H) (2),15,0,False,0.0,0.0,1.2203702022255805,0.0,FUL,MCI,NFO,HUL,BOU,0.0,0.0,0.0,0.0,0.0,0.0,0.0,0.0,0.0,0.0,0.0,0.0
Clarke,MID,IPS,5.4,0.2,11,2,2.8,1.3,146,931,170,2,1.06,1,0,0.3,0.37,0.16,0.36,0,0.0,2,0,10,1,48,52.0,55.4,45.0,15.2,313,5.29,1.04,1.97,0.67,FUL(H) (2),15,1,False,1.8085023568857033,1.1697472043445047,1.2203702022255805,0.9585183268251266,FUL,MCI,NFO,HUL,BOU,2.225612669740957,0.8665324279144305,1.5344996368374935,0.7179428769737197,1.0732417737145479,0.9234777095750472,1.708534379408733,1.5234876374486463,1.7403065332648466,0.9700828278965106,8.282194992966577,5.001523479808354
Ogbene,MID,IPS,4.9,0.0,0,0,0.0,0.0,0,66,0,0,0.0,0,0,0.0,0.0,0.0,0.0,0,0.0,0,0,0,0,0,0.0,0.0,0.0,0.0,314,0.0,0.0,0.0,0.0,FUL(H) (2),15,0,False,0.0,0.0,1.2203702022255805,0.0,FUL,MCI,NFO,HUL,BOU,0.0,0.0,0.0,0.0,0.0,0.0,0.0,0.0,0.0,0.0,0.0,0.0
Fatawu,MID,IPS,5.4,0.2,8,-1,1.6,0.7,57,2530,352,5,1.28,0,1,0.17,1.11,0.04,0.32,0,0.0,10,0,28,0,71,64.8,133.7,41.0,24.0,315,7.16,1.99,7.79,1.28,FUL(H) (2),15,1,False,3.220843498677736,2.0759758508356376,1.2203702022255805,1.701103359496729,FUL,MCI,NFO,HUL,BOU,3.9636940867769064,1.5378539804456182,2.7328596837121757,1.274148866816144,1.9113847301423939,1.6389160125730806,3.042806014177509,2.7037667050141274,3.0993904774472574,1.7216271315237024,14.750134992256243,8.876312696372672
Emersonn,FWD,IPS,5.5,3.6,26,2,5.2,5.3,34913,23210,317,5,1.42,2,1,1.61,0.12,0.46,0.49,0,0.0,6,0,10,6,110,98.8,50.4,104.0,25.3,316,2.84,1.22,4.29,1.73,FUL(H) (2),15,3,False,3.803474739824095,1.8644007171934656,1.2203702022255805,1.5277337268587607,FUL,MCI,NFO,HUL,BOU,4.680702536970586,1.3811220698581435,3.227217584073911,1.1442927238999656,2.2571427460435842,1.4718842649499726,3.593231343857655,2.4282096450799506,3.660051596627262,1.5461657983451422,17.418345807572997,7.971674502133175
Hirst,FWD,IPS,5.0,0.1,0,0,0.0,0.0,0,481,0,0,0.0,0,0,0.0,0.0,0.0,0.0,0,0.0,0,0,0,0,0,0.0,0.0,0.0,0.0,317,0.0,0.0,0.0,0.0,FUL(H) (2),15,0,False,0.0,0.0,1.2203702022255805,0.0,FUL,MCI,NFO,HUL,BOU,0.0,0.0,0.0,0.0,0.0,0.0,0.0,0.0,0.0,0.0,0.0,0.0
Philogene,MID,IPS,5.4,0.1,2,1,1.0,0.7,33,159,52,0,0.0,0,0,0.08,0.01,0.14,0.16,0,0.0,1,0,4,0,11,4.8,4.6,13.0,2.2,318,6.92,1.68,0.97,0.08,FUL(H) (2),15,0,False,0.293176230145085,0.2304105012766186,1.2203702022255805,0.18880377516299612,FUL,MCI,NFO,HUL,BOU,0.3607939629127226,0.1706848884499728,0.24875766236861502,0.14141651936171143,0.17398317234913133,0.1819016631890186,0.27697042612147477,0.3000883857037987,0.28212100845589067,0.19108168827018301,1.3426262322078344,0.9851731449746846
Szmodics,MID,IPS,5.0,0.0,0,0,0.0,0.0,0,13,0,0,0.0,0,0,0.0,0.0,0.0,0.0,0,0.0,0,0,0,0,0,0.0,0.0,0.0,0.0,319,0.0,0.0,0.0,0.0,FUL(H) (2),15,0,False,0.0,0.0,1.2203702022255805,0.0,FUL,MCI,NFO,HUL,BOU,0.0,0.0,0.0,0.0,0.0,0.0,0.0,0.0,0.0,0.0,0.0,0.0
Akpom,FWD,IPS,5.0,1.2,7,1,2.3,0.3,5040,9643,78,0,0.0,1,0,1.14,0.0,1.32,1.32,0,0.0,4,0,3,0,36,34.6,2.5,24.0,6.1,320,3.46,4.85,4.2,1.14,FUL(H) (2),15,1,False,1.8256969902774383,0.6329416131010065,1.2203702022255805,0.5186472202834151,FUL,MCI,NFO,HUL,BOU,2.246773047985692,0.4688743265993409,1.5490891443350712,0.3884736129126004,1.0834457962691524,0.49968699988370185,1.7247785508245215,0.8243479609994399,1.7568527836552859,0.5249046867989533,8.360939323069722,2.706287587194036
Walle Egeli,FWD,IPS,4.5,3.5,1,0,1.0,0.0,18212,26857,10,0,0.0,0,0,0.0,0.0,0.0,0.0,0,0.0,0,0,0,0,3,0.0,0.1,0.0,0.0,321,0.0,0.27,0.03,0.0,FUL(H) (2),15,0,False,0.0005588344131611463,0.0,1.2203702022255805,0.0,FUL,MCI,NFO,HUL,BOU,0.0006877231569443314,0.0,0.00047416648409834966,0.0,0.000331635971891466,0.0,0.000527943910964372,0.0,0.000537761632731471,0.0,0.0025592311566299897,0.0
Al-Hamadi,FWD,IPS,5.0,0.0,0,0,0.0,0.0,0,376,0,0,0.0,0,0,0.0,0.0,0.0,0.0,0,0.0,0,0,0,0,0,0.0,0.0,0.0,0.0,322,0.0,0.0,0.0,0.0,FUL(H) (2),15,0,False,0.0,0.0,1.2203702022255805,0.0,FUL,MCI,NFO,HUL,BOU,0.0,0.0,0.0,0.0,0.0,0.0,0.0,0.0,0.0,0.0,0.0,0.0
McAteer,MID,IPS,4.4,1.0,3,0,1.0,0.3,1512,6467,42,0,0.0,0,0,0.05,0.0,0.11,0.11,0,0.0,0,0,5,0,12,4.6,1.8,7.0,1.4,323,10.71,0.45,0.21,0.05,FUL(H) (2),15,0,False,0.1547870390190149,0.26723289330541977,1.2203702022255805,0.21897690784162793,FUL,MCI,NFO,HUL,BOU,0.19048689311394656,0.19796240332483356,0.13133555190431,0.16401659395220888,0.09185717434776307,0.21097175468018578,0.14623092784146238,0.3480461485681282,0.1489502594474843,0.22161885908499196,0.7088608066549663,1.1426157596103483
Mehmeti,MID,IPS,4.8,0.0,0,0,0.0,0.0,76,143,0,0,0.0,0,0,0.0,0.0,0.0,0.0,0,0.0,0,0,0,0,0,0.0,0.0,0.0,0.0,324,0.0,0.0,0.0,0.0,FUL(H) (2),15,0,False,0.0,0.0,1.2203702022255805,0.0,FUL,MCI,NFO,HUL,BOU,0.0,0.0,0.0,0.0,0.0,0.0,0.0,0.0,0.0,0.0,0.0,0.0
Van Oevelen,GKP,IPS,4.5,0.0,0,0,0.0,0.0,0,83,0,0,0.0,0,0,0.0,0.0,0.0,0.0,0,0.0,0,0,0,0,0,0.0,0.0,0.0,0.0,554,0.0,0.0,0.0,0.0,FUL(H) (2),15,0,False,0.0,0.0,1.2203702022255805,0.0,FUL,MCI,NFO,HUL,BOU,0.0,0.0,0.0,0.0,0.0,0.0,0.0,0.0,0.0,0.0,0.0,0.0
Maeda,MID,IPS,5.3,0.2,8,1,1.6,1.3,139,1464,259,3,1.04,0,0,0.71,0.02,0.25,0.26,0,0.0,8,0,20,0,32,31.0,5.5,47.0,8.1,562,6.95,2.1,6.05,0.73,FUL(H) (2),15,0,False,1.5431404976473748,1.2559536728348608,1.2203702022255805,1.029157931375567,FUL,MCI,NFO,HUL,BOU,1.8990481431655761,0.9303929784380262,1.3093422434388229,0.7708528730582094,0.9157648252323995,0.9915349374755306,1.4578408385536141,1.6357635963270947,1.4849510588561639,1.0415746976145994,7.066947109246577,5.37011908291346
Scherpen,GKP,IPS,4.5,0.6,7,0,1.8,1.0,644,2804,360,4,1.0,0,0,0.0,0.01,0.0,0.0,0,0.0,10,0,0,0,40,103.6,0.0,0.0,10.3,564,0.0,1.68,6.74,0.01,FUL(H) (2),15,0,False,0.016151838155318687,1.5377372634861612,1.2203702022255805,1.2600580222966775,FUL,MCI,NFO,HUL,BOU,0.019877074254957446,1.139134335584801,0.013704704165426143,0.9438000884948522,0.00958518376520982,1.2139939986504762,0.015259018421479316,2.0027606835598966,0.015542777347740016,1.275260592702527,0.07396875795481274,6.574949698992553
Florentino,MID,IPS,4.8,0.1,2,1,1.0,0.7,112,338,30,0,0.0,0,0,0.0,0.01,0.0,0.03,0,0.0,0,0,2,0,9,9.0,22.3,2.0,3.2,571,6.0,2.25,0.75,0.01,FUL(H) (2),15,0,False,0.16271988746022178,0.2131692075785474,1.2203702022255805,0.17467585425290805,FUL,MCI,NFO,HUL,BOU,0.20024936200466348,0.15791277834525363,0.13806650970802614,0.1308345201448135,0.09656486206474825,0.1682902176089219,0.15372527488327692,0.27763319392810903,0.1565839724570741,0.17678331432656524,0.7451899811177889,0.9114540243536633
Enciso,MID,IPS,5.5,0.8,15,2,3.0,1.7,2246,6123,413,5,1.09,0,2,1.26,0.89,0.27,0.46,0,0.0,11,0,31,0,83,60.2,75.6,100.0,23.6,591,6.76,1.85,8.47,2.15,FUL(H) (2),15,2,True,4.668725854149711,2.1270709318067453,1.2203702022255805,1.7429718686408608,FUL,MCI,NFO,HUL,BOU,5.7455138905298435,1.5757045043912508,3.961376163215761,1.3055089327306924,2.770619345679557,1.679253931886332,4.410654262892568,2.770313326288201,4.49267543117321,1.7640007832460238,21.38083909349094,9.0947814785425
Ouattara,DEF,IPS,4.0,0.9,6,2,1.2,1.3,680,2083,131,1,0.69,0,0,0.02,0.03,0.01,0.03,0,0.0,2,0,11,0,29,31.6,36.2,9.0,7.6,592,7.56,2.15,3.13,0.05,FUL(H) (2),15,0,False,0.37668350289003594,0.906740516041062,1.2203702022255805,0.743004470600352,FUL,MCI,NFO,HUL,BOU,0.4635612297227722,0.6717007383605944,0.31961290854096785,0.5565201543866494,0.22353991922182553,0.7158424075069514,0.3558616953930843,1.1809457303524553,0.3624793512470095,0.7519688020646876,1.7250551041256592,3.876977832671338
Humphreys,MID,IPS,4.5,0.0,0,0,0.0,0.0,0,239,0,0,0.0,0,0,0.0,0.0,0.0,0.0,0,0.0,0,0,0,0,0,0.0,0.0,0.0,0.0,602,0.0,0.0,0.0,0.0,FUL(H) (2),15,0,False,0.0,0.0,1.2203702022255805,0.0,FUL,MCI,NFO,HUL,BOU,0.0,0.0,0.0,0.0,0.0,0.0,0.0,0.0,0.0,0.0,0.0,0.0
Palacios,MID,IPS,5.0,0.1,11,2,2.8,3.3,521,841,275,3,0.98,0,0,0.0,0.09,0.0,0.03,0,0.0,7,0,44,0,64,55.4,46.6,4.0,10.6,619,14.4,1.73,5.3,0.09,FUL(H) (2),15,0,True,0.4496793302708973,2.573107375867747,1.2203702022255805,2.1084646045726037,FUL,MCI,NFO,HUL,BOU,0.5533927069329156,1.906122086391018,0.38154927825600227,1.5792678155858395,0.26685872992379456,2.031385325933367,0.42482255693619647,3.3512345764990803,0.4327226190029577,2.1339031804413815,2.059345891051867,11.001912984850685
Flemming,FWD,IPS,5.5,0.1,6,0,2.0,2.0,931,994,60,0,0.0,1,0,0.64,0.01,0.96,0.98,0,0.0,1,0,5,0,34,38.2,12.1,55.0,10.5,640,7.5,0.94,0.63,0.65,FUL(H) (2),15,1,False,1.5565894823584423,0.7659584922739046,1.2203702022255805,0.6276443745324423,FUL,MCI,NFO,HUL,BOU,1.9155989818493855,0.5674113770280123,1.3207535982962777,0.47011391995053936,0.9237460214697225,0.6046995380262862,1.4705464082530477,0.9975901540470136,1.4978929031779786,0.6352168891506763,7.128537913046412,3.275031878202528
Wilson,MID,LEE,6.2,1.7,5,0,1.2,0.3,74,40589,145,1,0.62,0,0,0.01,0.09,0.01,0.07,1,0.62,1,0,11,0,19,19.2,52.4,12.0,8.5,260,6.83,2.04,3.28,0.1,ARS(A) (5),17,0,False,0.5834656482115593,0.7226870211836449,0.7739330064834145,0.933784985430948,ARS,MUN,SUN,BOU,TOT,0.3884567705986313,0.7137421452384337,0.451532402508607,0.6708466135242465,0.6037383498509667,0.7837884444554715,0.5614640620467596,0.9450510793200726,0.6561261070891239,1.1524310165800353,2.6613176920940886,4.26585929911826
Perri,GKP,LEE,4.5,0.3,0,0,0.0,0.0,0,1303,0,0,0.0,0,0,0.0,0.0,0.0,0.0,0,0.0,0,0,0,0,0,0.0,0.0,0.0,0.0,326,0.0,0.0,0.0,0.0,ARS(A) (5),17,0,False,0.0,0.0,0.7739330064834145,0.0,ARS,MUN,SUN,BOU,TOT,0.0,0.0,0.0,0.0,0.0,0.0,0.0,0.0,0.0,0.0,0.0,0.0
Bijol,DEF,LEE,5.0,0.7,12,0,4.0,0.3,798,5553,164,2,1.1,0,0,0.11,0.0,0.06,0.06,1,0.55,2,0,21,2,29,38.2,0.6,15.0,5.4,327,11.52,1.73,3.16,0.11,ARS(A) (5),17,0,False,0.3173650545256247,1.4026144408269592,0.7739330064834145,1.812320225493597,ARS,MUN,SUN,BOU,TOT,0.2112936803730758,1.3852539350970925,0.2456024720246613,1.302000894063191,0.32839200543677655,1.521202067453737,0.3053977097226448,1.8341858263933024,0.3568873307114095,2.2366755435355965,1.447573198268568,8.27931826654292
Rodon,DEF,LEE,4.3,0.8,7,0,3.5,0.0,45,8826,123,2,1.46,0,0,0.03,0.06,0.02,0.06,1,0.73,0,0,11,0,25,23.0,14.7,7.0,4.5,329,8.05,0.74,1.01,0.09,ARS(A) (5),17,0,False,0.29662366465382367,0.7790905115431759,0.7739330064834145,1.00666402003346,ARS,MUN,SUN,BOU,TOT,0.19748458406719435,0.7694475156520486,0.22955112499353977,0.7232041201481596,0.3069299493016805,0.844960712221329,0.2854384455472595,1.0188093977611459,0.3335629628862996,1.2423746987389248,1.3529670667959737,4.598796444521607
Bogle,DEF,LEE,4.6,7.2,42,5,8.4,11.3,125649,25858,365,5,1.23,2,0,1.38,0.08,0.34,0.36,4,0.99,1,0,16,6,122,108.8,34.6,119.0,26.2,330,3.95,0.71,2.89,1.46,ARS(A) (5),17,2,False,3.5027948738568657,2.2515769356891004,0.7739330064834145,2.9092659401099623,ARS,MUN,SUN,BOU,TOT,2.33207282886088,2.223708611254753,2.7107429370271006,2.0900648802609436,3.624500608546491,2.4419422685980776,3.3707099028375658,2.9443661652593147,3.9390068148144186,3.590471422407043,15.977033092086455,13.290553347780133
Gudmundsson,DEF,LEE,4.5,0.1,14,6,4.7,4.7,538,335,252,3,1.07,0,0,0.0,0.21,0.0,0.08,2,0.71,1,0,14,0,62,38.6,29.5,8.0,7.7,331,5.0,1.37,3.83,0.21,ARS(A) (5),17,0,False,0.5918366538241004,1.1300146728465275,0.7739330064834145,1.4600936558851156,ARS,MUN,SUN,BOU,TOT,0.3940299758368113,1.116028201845117,0.4580105564277443,1.0489554873563542,0.6124002087463447,1.2255546546160698,0.5695194099991884,1.4777096515059118,0.6655395752886885,1.801975018239543,2.6994997262987774,6.670223013562995
Justin,DEF,LEE,4.5,1.4,26,8,5.2,4.7,4244,5879,450,5,1.0,0,0,0.22,0.42,0.04,0.12,2,0.4,3,0,44,4,91,103.6,56.1,41.0,20.0,332,8.8,1.29,6.46,0.64,ARS(A) (5),17,0,False,1.7406212678349247,3.2885411220070617,0.7739330064834145,4.249128922604667,ARS,MUN,SUN,BOU,TOT,1.1588619117697947,3.2478380354497562,1.3470320066522645,3.0526446587077425,1.8010997137180484,3.5665792452231977,1.674985134976136,4.3003945631278615,1.9573852546105017,5.244063719440732,7.939364021726746,19.41152022194929
Bornauw,DEF,LEE,4.5,0.0,0,0,0.0,0.0,0,5,0,0,0.0,0,0,0.0,0.0,0.0,0.0,0,0.0,0,0,0,0,0,0.0,0.0,0.0,0.0,333,0.0,0.0,0.0,0.0,ARS(A) (5),17,0,False,0.0,0.0,0.7739330064834145,0.0,ARS,MUN,SUN,BOU,TOT,0.0,0.0,0.0,0.0,0.0,0.0,0.0,0.0,0.0,0.0,0.0,0.0
Muharemović,DEF,LEE,5.0,4.3,27,6,5.4,5.7,28135,24197,450,5,1.0,0,1,0.49,0.05,0.1,0.11,2,0.4,3,0,58,0,101,147.4,13.6,41.0,20.2,334,11.6,1.29,6.46,0.54,ARS(A) (5),17,1,True,1.2722132055256776,4.495739518503473,0.7739330064834145,5.808951783735325,ARS,MUN,SUN,BOU,TOT,0.8470075913573668,4.4400946389135045,0.9845403700371692,4.173247260391557,1.316416662603899,4.8758433188872825,1.2242400154207134,5.879036650395241,1.4306451467838122,7.169119565897702,5.802849786202961,26.53734143448529
Stach,MID,LEE,6.0,2.5,27,5,5.4,3.3,4824,19559,447,5,1.01,1,0,0.97,0.31,0.2,0.26,3,0.6,2,0,61,3,86,116.4,93.3,55.0,26.5,335,12.28,1.24,6.17,1.28,ARS(A) (5),17,1,False,2.9431248733205586,4.154978771713629,0.7739330064834145,5.368654311040385,ARS,MUN,SUN,BOU,TOT,1.9594586026837837,4.10355157213961,2.277625510613469,3.8569302568959727,3.0453846938039617,4.50627208289019,2.8321441914370404,5.433426999046843,3.3096396878343795,6.625726309449831,13.424252686372633,24.525907220422447
Okafor,MID,LEE,5.8,0.4,18,3,3.6,5.0,1773,3388,299,4,1.2,1,0,0.17,0.27,0.05,0.13,3,0.9,1,0,18,1,82,67.0,41.4,40.0,14.8,336,5.42,0.71,2.37,0.44,ARS(A) (5),17,1,False,1.3373109426982441,1.7107205353033912,0.7739330064834145,2.2104245728923466,ARS,MUN,SUN,BOU,TOT,0.8903480293640351,1.6895465242631047,1.0349182076245242,1.588005656881773,1.3837762415955084,1.8553577800074388,1.28688301772084,2.237093293381079,1.503849670481598,2.727996141891479,6.099775166786506,10.097999396424875
Aaronson,MID,LEE,5.3,0.5,7,1,1.4,1.0,213,3400,194,2,0.93,0,0,0.01,0.02,0.0,0.01,1,0.46,3,0,15,0,36,11.8,3.7,9.0,2.5,337,6.96,1.75,3.78,0.03,ARS(A) (5),17,0,False,0.16532845915989908,0.7720126323586114,0.7739330064834145,0.9975186817092492,ARS,MUN,SUN,BOU,TOT,0.11007153468273327,0.7624572411281537,0.12794438986482973,0.716633957487535,0.1710728496571376,0.8372844156316552,0.15909417895702896,1.009553721145127,0.18591723202922011,1.2310879767350638,0.7541001851909497,4.557017312127535
Ampadu,MID,LEE,5.4,0.9,21,5,4.2,4.7,1616,4935,450,5,1.0,0,1,0.08,0.26,0.02,0.07,2,0.4,3,0,60,0,87,88.6,67.1,5.0,16.1,338,12.0,1.29,6.46,0.34,ARS(A) (5),17,1,False,0.9584517915738986,3.702551713877757,0.7739330064834145,4.78407263013805,ARS,MUN,SUN,BOU,TOT,0.6381131243467316,3.656724315860947,0.7417266834209952,3.436957086326459,0.9917535073919442,4.015593421870439,0.9223100585656963,4.841792353912204,1.0778102271583223,5.904264654671317,4.371713600883689,21.855331832641365
Longstaff,MID,LEE,4.9,0.1,2,0,1.0,0.3,134,633,10,0,0.0,0,0,0.0,0.0,0.0,0.0,0,0.0,1,0,0,0,7,0.0,0.2,0.0,0.0,339,0.0,3.15,0.35,0.0,ARS(A) (5),17,0,False,0.0011176688263222925,0.0,0.7739330064834145,0.0,ARS,MUN,SUN,BOU,TOT,0.0007441158261891292,0.0,0.0008649415640923787,0.0,0.001156502589230444,0.0,0.001075523265462942,0.0,0.001256854963574165,0.0,0.005097938208549059,0.0
Gnonto,MID,LEE,5.0,0.0,0,0,0.0,0.0,0,52,0,0,0.0,0,0,0.0,0.0,0.0,0.0,0,0.0,0,0,0,0,0,0.0,0.0,0.0,0.0,341,0.0,0.0,0.0,0.0,ARS(A) (5),17,0,False,0.0,0.0,0.7739330064834145,0.0,ARS,MUN,SUN,BOU,TOT,0.0,0.0,0.0,0.0,0.0,0.0,0.0,0.0,0.0,0.0,0.0,0.0
Harrison,MID,LEE,5.0,0.0,0,0,0.0,0.0,0,5,0,0,0.0,0,0,0.0,0.0,0.0,0.0,0,0.0,0,0,0,0,0,0.0,0.0,0.0,0.0,342,0.0,0.0,0.0,0.0,ARS(A) (5),17,0,False,0.0,0.0,0.7739330064834145,0.0,ARS,MUN,SUN,BOU,TOT,0.0,0.0,0.0,0.0,0.0,0.0,0.0,0.0,0.0,0.0,0.0,0.0
James,MID,LEE,4.9,0.1,3,1,1.0,0.7,187,555,52,0,0.0,0,0,0.35,0.01,0.61,0.63,0,0.0,1,0,5,0,9,1.2,1.3,19.0,1.9,343,8.65,2.79,1.61,0.36,ARS(A) (5),17,0,False,0.7072931950517011,0.21676661245741832,0.7739330064834145,0.28008446550478483,ARS,MUN,SUN,BOU,TOT,0.47089804045592887,0.2140836384995913,0.5473600658729513,0.20121732316987226,0.7318683246395654,0.23509370032633828,0.6806222638282333,0.2834636779942702,0.7953742127962128,0.3456663261307321,3.226122907592892,1.2795246661208042
Gruev,MID,LEE,5.0,0.0,0,0,0.0,0.0,48,21,0,0,0.0,0,0,0.0,0.0,0.0,0.0,0,0.0,0,0,0,0,0,0.0,0.0,0.0,0.0,344,0.0,0.0,0.0,0.0,ARS(A) (5),17,0,False,0.0,0.0,0.7739330064834145,0.0,ARS,MUN,SUN,BOU,TOT,0.0,0.0,0.0,0.0,0.0,0.0,0.0,0.0,0.0,0.0,0.0,0.0
Tanaka,MID,LEE,4.9,0.3,14,2,3.5,4.3,2235,2273,255,3,1.06,0,2,0.73,0.05,0.26,0.28,2,0.71,1,0,29,0,48,50.0,18.3,20.0,8.6,345,10.24,1.14,3.24,0.78,ARS(A) (5),17,2,False,1.3939931947982878,1.896090095693609,0.7739330064834145,2.4499408602677843,ARS,MUN,SUN,BOU,TOT,0.9280856488254926,1.8726217197718376,1.078783469527743,1.7600781283571614,1.442427936778613,2.0563998841671083,1.3414278698601203,2.4794993391309257,1.5675907073797306,3.0235952389578813,6.3583156323717,11.192194310384913
Calvert-Lewin,FWD,LEE,6.0,24.8,22,2,4.4,4.3,94438,169467,419,5,1.07,2,1,3.0,0.08,0.64,0.66,3,0.64,2,0,22,4,73,104.0,29.6,153.0,28.2,346,4.73,1.04,4.85,3.08,ARS(A) (5),17,3,False,6.048256181274445,2.419076402258141,0.7739330064834145,3.125692252421053,ARS,MUN,SUN,BOU,TOT,4.026777019577301,2.3891348955119054,4.680624562713164,2.2455491308718383,6.258404787927668,2.623603406132065,5.8201858057056635,3.1634036559386765,6.801460883020862,3.8575740199030086,27.587453058944657,14.279265108357492
Nmecha,FWD,LEE,5.4,0.5,7,1,1.8,1.0,2029,3733,64,0,0.0,0,1,0.27,0.15,0.38,0.59,0,0.0,1,0,4,0,28,20.4,22.4,15.0,5.7,347,5.62,4.08,2.9,0.42,ARS(A) (5),17,1,False,0.8987808696836648,0.46196167222627227,0.7739330064834145,0.5969013704756269,ARS,MUN,SUN,BOU,TOT,0.5983857236211302,0.4562438583893246,0.6955485497063755,0.4288238397908648,0.9300093001253785,0.5010194037790373,0.8648892347464032,0.6041029714729078,1.0107083338313267,0.736666003317432,4.099541142030613,2.7268560767495664
Piroe,FWD,LEE,5.0,0.1,0,0,0.0,0.0,0,426,0,0,0.0,0,0,0.0,0.0,0.0,0.0,0,0.0,0,0,0,0,0,0.0,0.0,0.0,0.0,348,0.0,0.0,0.0,0.0,ARS(A) (5),17,0,False,0.0,0.0,0.7739330064834145,0.0,ARS,MUN,SUN,BOU,TOT,0.0,0.0,0.0,0.0,0.0,0.0,0.0,0.0,0.0,0.0,0.0,0.0
Mateo Joseph,FWD,LEE,4.5,0.1,0,0,0.0,0.0,319,483,0,0,0.0,0,0,0.0,0.0,0.0,0.0,0,0.0,0,0,0,0,0,0.0,0.0,0.0,0.0,349,0.0,0.0,0.0,0.0,ARS(A) (5),17,0,False,0.0,0.0,0.7739330064834145,0.0,ARS,MUN,SUN,BOU,TOT,0.0,0.0,0.0,0.0,0.0,0.0,0.0,0.0,0.0,0.0,0.0,0.0
Trafford,GKP,LEE,5.0,5.5,28,10,5.6,5.3,22620,15093,450,5,1.0,0,0,0.0,0.0,0.0,0.0,2,0.4,3,0,0,5,117,148.6,0.0,0.0,14.9,385,0.0,1.29,6.46,0.0,ARS(A) (5),17,0,False,0.0,2.2056733335332392,0.7739330064834145,2.849953826824554,ARS,MUN,SUN,BOU,TOT,0.0,2.178373169332419,0.0,2.0474540748193464,0.0,2.3921576289490663,0.0,2.8843384527219786,0.0,3.5172713602134236,0.0,13.019594686036235
Elvedi,DEF,LEE,4.5,0.1,13,6,3.2,4.0,231,237,326,3,0.83,0,0,0.12,0.58,0.03,0.19,1,0.28,3,0,29,0,56,83.0,25.4,39.0,14.8,598,8.01,1.5,5.45,0.7,ARS(A) (5),17,0,False,1.669720325335128,2.3859098803947996,0.7739330064834145,3.082837739710653,ARS,MUN,SUN,BOU,TOT,1.1116578454459385,2.356378883890073,1.2921631844599257,2.214761738512198,1.7277352951633085,2.5876327358179774,1.6067577572360752,3.1200321045402477,1.877654837688898,3.804685110337713,7.615968919994145,14.083490573098208
Lienou,DEF,LEE,4.0,0.1,0,0,0.0,0.0,240,519,0,0,0.0,0,0,0.0,0.0,0.0,0.0,0,0.0,0,0,0,0,0,0.0,0.0,0.0,0.0,603,0.0,0.0,0.0,0.0,ARS(A) (5),17,0,False,0.0,0.0,0.7739330064834145,0.0,ARS,MUN,SUN,BOU,TOT,0.0,0.0,0.0,0.0,0.0,0.0,0.0,0.0,0.0,0.0,0.0,0.0
Cresswell,MID,LEE,4.5,0.1,0,0,0.0,0.0,307,887,0,0,0.0,0,0,0.0,0.0,0.0,0.0,0,0.0,0,0,0,0,0,0.0,0.0,0.0,0.0,604,0.0,0.0,0.0,0.0,ARS(A) (5),17,0,False,0.0,0.0,0.7739330064834145,0.0,ARS,MUN,SUN,BOU,TOT,0.0,0.0,0.0,0.0,0.0,0.0,0.0,0.0,0.0,0.0,0.0,0.0
Cairns,GKP,LEE,4.0,0.2,0,0,0.0,0.0,847,785,0,0,0.0,0,0,0.0,0.0,0.0,0.0,0,0.0,0,0,0,0,0,0.0,0.0,0.0,0.0,625,0.0,0.0,0.0,0.0,ARS(A) (5),17,0,False,0.0,0.0,0.7739330064834145,0.0,ARS,MUN,SUN,BOU,TOT,0.0,0.0,0.0,0.0,0.0,0.0,0.0,0.0,0.0,0.0,0.0,0.0
Zetterer,GKP,LEE,4.0,0.7,0,0,0.0,0.0,3040,2792,0,0,0.0,0,0,0.0,0.0,0.0,0.0,0,0.0,0,0,0,0,0,0.0,0.0,0.0,0.0,629,0.0,0.0,0.0,0.0,ARS(A) (5),17,0,False,0.0,0.0,0.7739330064834145,0.0,ARS,MUN,SUN,BOU,TOT,0.0,0.0,0.0,0.0,0.0,0.0,0.0,0.0,0.0,0.0,0.0,0.0
Bard,DEF,LEE,4.5,0.0,1,0,1.0,0.3,97,79,18,0,0.0,0,0,0.0,0.0,0.0,0.0,0,0.0,1,0,2,0,1,4.4,10.3,0.0,1.5,641,10.0,1.5,0.3,0.0,ARS(A) (5),17,0,False,0.05755994455559807,0.14489129819595722,0.7739330064834145,0.18721426400240015,ARS,MUN,SUN,BOU,TOT,0.03832196504874016,0.1430979427738815,0.04454449055075751,0.13449783083788053,0.05955988334536786,0.157141503720578,0.055389448171341525,0.18947299969481546,0.0647280306240695,0.23105053941620013,0.2625438177402766,0.8552608164433556
Bahoya,MID,LEE,5.0,0.0,1,1,1.0,0.3,109,176,1,0,0.0,0,0,0.0,0.0,0.0,0.0,0,0.0,0,0,0,0,5,1.0,0.3,0.0,0.1,648,0.0,0.0,0.0,0.0,ARS(A) (5),17,0,False,0.0016765032394834387,0.014843023778823952,0.7739330064834145,0.019178693316450564,ARS,MUN,SUN,BOU,TOT,0.0011161737392836938,0.014659308003582897,0.001297412346138568,0.01377829121681929,0.0017347538838456656,0.016097965201541498,0.0016132848981944131,0.019410083800282495,0.0018852824453612475,0.02366939004181308,0.007646907312823588,0.08761503826403925
A.Becker,GKP,LIV,5.5,4.1,27,8,5.4,8.3,13425,11832,450,5,1.0,0,0,0.0,0.0,0.0,0.0,3,0.6,4,0,0,5,96,99.2,0.0,0.0,9.9,350,0.0,1.22,6.12,0.0,MCI(H) (4),17,0,False,0.0,1.472427958859336,0.8626373587549414,1.7068910173152196,MCI,BRE,BHA,ARS,CRY,0.0,1.2784838989056293,0.0,1.4086833971211306,0.0,1.2362368635228465,0.0,1.3046687143127846,0.0,1.9525004384143307,0.0,7.180573312276723
Mamardashvili,GKP,LIV,4.9,0.1,0,0,0.0,0.0,256,625,0,0,0.0,0,0,0.0,0.0,0.0,0.0,0,0.0,0,0,0,0,0,0.0,0.0,0.0,0.0,351,0.0,0.0,0.0,0.0,MCI(H) (4),17,0,False,0.0,0.0,0.8626373587549414,0.0,MCI,BRE,BHA,ARS,CRY,0.0,0.0,0.0,0.0,0.0,0.0,0.0,0.0,0.0,0.0,0.0,0.0
Woodman,GKP,LIV,4.0,1.0,0,0,0.0,0.0,787,2364,0,0,0.0,0,0,0.0,0.0,0.0,0.0,0,0.0,0,0,0,0,0,0.0,0.0,0.0,0.0,352,0.0,0.0,0.0,0.0,MCI(H) (4),17,0,False,0.0,0.0,0.8626373587549414,0.0,MCI,BRE,BHA,ARS,CRY,0.0,0.0,0.0,0.0,0.0,0.0,0.0,0.0,0.0,0.0,0.0,0.0
Pecsi,GKP,LIV,4.0,0.0,0,0,0.0,0.0,0,62,0,0,0.0,0,0,0.0,0.0,0.0,0.0,0,0.0,0,0,0,0,0,0.0,0.0,0.0,0.0,353,0.0,0.0,0.0,0.0,MCI(H) (4),17,0,False,0.0,0.0,0.8626373587549414,0.0,MCI,BRE,BHA,ARS,CRY,0.0,0.0,0.0,0.0,0.0,0.0,0.0,0.0,0.0,0.0,0.0,0.0
Jaros,GKP,LIV,4.0,0.0,0,0,0.0,0.0,205,160,0,0,0.0,0,0,0.0,0.0,0.0,0.0,0,0.0,0,0,0,0,0,0.0,0.0,0.0,0.0,354,0.0,0.0,0.0,0.0,MCI(H) (4),17,0,False,0.0,0.0,0.8626373587549414,0.0,MCI,BRE,BHA,ARS,CRY,0.0,0.0,0.0,0.0,0.0,0.0,0.0,0.0,0.0,0.0,0.0,0.0
Davies,GKP,LIV,4.0,0.2,0,0,0.0,0.0,292,467,0,0,0.0,0,0,0.0,0.0,0.0,0.0,0,0.0,0,0,0,0,0,0.0,0.0,0.0,0.0,355,0.0,0.0,0.0,0.0,MCI(H) (4),17,0,False,0.0,0.0,0.8626373587549414,0.0,MCI,BRE,BHA,ARS,CRY,0.0,0.0,0.0,0.0,0.0,0.0,0.0,0.0,0.0,0.0,0.0,0.0
Virgil,DEF,LIV,6.5,16.2,25,8,5.0,7.3,21818,43945,450,5,1.0,0,0,0.25,0.08,0.05,0.07,3,0.6,4,0,48,0,96,125.0,22.3,26.0,17.4,356,9.6,1.22,6.12,0.33,MCI(H) (4),17,0,False,0.8787089890232027,3.765345818012158,0.8626373587549414,4.364923197213187,MCI,BRE,BHA,ARS,CRY,0.7455774770810335,3.269385081406264,0.8839214140045396,3.6023359284499485,0.9460301430339443,3.1613494406505662,0.5850223697285681,3.3363458346271773,1.180065696334597,4.993004456493509,4.3406171001826825,18.362420741627467
Frimpong,DEF,LIV,5.3,1.8,2,0,0.7,0.3,1629,12785,178,2,1.01,0,0,0.01,0.23,0.01,0.13,0,0.0,4,0,12,0,24,39.4,76.5,16.0,13.2,357,6.07,1.98,3.91,0.24,MCI(H) (4),17,0,False,0.988166426297792,1.0623070983004546,0.8626373587549414,1.2314642851008675,MCI,BRE,BHA,ARS,CRY,0.8384512281754233,0.9223830019652843,0.9940281432376389,1.016317547500967,1.063873520459863,0.8919031911879559,0.6578963816468705,0.9412744629072901,1.327061992662491,1.4086631965132639,4.881311266182287,5.180541400074762
Kerkez,DEF,LIV,5.3,2.2,13,6,2.6,4.0,2637,10545,385,4,0.94,0,0,0.07,0.08,0.02,0.04,2,0.47,4,0,30,0,63,75.4,47.3,14.0,13.7,358,7.01,1.32,5.65,0.15,MCI(H) (4),17,0,False,0.6422533579396633,2.312893896460303,0.8626373587549414,2.681189114970097,MCI,BRE,BHA,ARS,CRY,0.544946784704887,2.008246032486598,0.6460631487681304,2.2127637631727994,0.6914587692463529,1.9418842728551948,0.4275961508549797,2.0493772127054704,0.862516675632061,3.066993070644339,3.1725815292064103,11.279264351864402
Gomez,DEF,LIV,4.9,0.0,0,0,0.0,0.0,323,116,0,0,0.0,0,0,0.0,0.0,0.0,0.0,0,0.0,0,0,0,0,0,0.0,0.0,0.0,0.0,359,0.0,0.0,0.0,0.0,MCI(H) (4),17,0,False,0.0,0.0,0.8626373587549414,0.0,MCI,BRE,BHA,ARS,CRY,0.0,0.0,0.0,0.0,0.0,0.0,0.0,0.0,0.0,0.0,0.0,0.0
Bradley,DEF,LIV,5.0,0.0,0,0,0.0,0.0,57,85,0,0,0.0,0,0,0.0,0.0,0.0,0.0,0,0.0,0,0,0,0,0,0.0,0.0,0.0,0.0,360,0.0,0.0,0.0,0.0,MCI(H) (4),17,0,False,0.0,0.0,0.8626373587549414,0.0,MCI,BRE,BHA,ARS,CRY,0.0,0.0,0.0,0.0,0.0,0.0,0.0,0.0,0.0,0.0,0.0,0.0
Lucky,DEF,LIV,4.0,0.1,0,0,0.0,0.0,296,585,0,0,0.0,0,0,0.0,0.0,0.0,0.0,0,0.0,0,0,0,0,0,0.0,0.0,0.0,0.0,361,0.0,0.0,0.0,0.0,MCI(H) (4),17,0,False,0.0,0.0,0.8626373587549414,0.0,MCI,BRE,BHA,ARS,CRY,0.0,0.0,0.0,0.0,0.0,0.0,0.0,0.0,0.0,0.0,0.0,0.0
Jacquet,DEF,LIV,5.0,3.5,24,6,4.8,6.7,33919,13464,415,5,1.08,0,0,0.0,0.14,0.0,0.03,3,0.65,4,0,36,3,112,106.2,44.5,4.0,15.5,362,7.81,1.19,5.51,0.14,MCI(H) (4),17,0,False,0.5187029983711067,3.0088050095554766,0.8626373587549414,3.4879141032080203,MCI,BRE,BHA,ARS,CRY,0.4401153029170677,2.6124936955443663,0.5217798992568133,2.878547392851152,0.558442758491226,2.5261647916861047,0.34533942531953044,2.6660005603775825,0.6965942338248693,3.9898000203767685,2.562271619809507,14.673006460835975
Leoni,DEF,LIV,4.0,0.0,0,0,0.0,0.0,66,183,0,0,0.0,0,0,0.0,0.0,0.0,0.0,0,0.0,0,0,0,0,0,0.0,0.0,0.0,0.0,363,0.0,0.0,0.0,0.0,MCI(H) (4),17,0,False,0.0,0.0,0.8626373587549414,0.0,MCI,BRE,BHA,ARS,CRY,0.0,0.0,0.0,0.0,0.0,0.0,0.0,0.0,0.0,0.0,0.0,0.0
Tsimikas,DEF,LIV,4.9,0.1,2,0,1.0,0.3,94,394,64,1,1.41,0,0,0.04,0.02,0.06,0.09,0,0.0,0,0,3,0,6,6.4,2.9,9.0,1.8,364,4.22,0.66,0.47,0.06,MCI(H) (4),17,0,False,0.20160384774694676,0.21436834253817105,0.8626373587549414,0.24850343004802433,MCI,BRE,BHA,ARS,CRY,0.17105923582287189,0.18613234876526852,0.2027997441648245,0.20508787760036376,0.21704946609485684,0.17998167300713197,0.1342227770839407,0.18994455257783965,0.27074468105726046,0.28426129799394667,0.9958759042237544,1.0454077499445507
Ramsay,DEF,LIV,4.0,0.1,0,0,0.0,0.0,0,478,0,0,0.0,0,0,0.0,0.0,0.0,0.0,0,0.0,0,0,0,0,0,0.0,0.0,0.0,0.0,365,0.0,0.0,0.0,0.0,MCI(H) (4),17,0,False,0.0,0.0,0.8626373587549414,0.0,MCI,BRE,BHA,ARS,CRY,0.0,0.0,0.0,0.0,0.0,0.0,0.0,0.0,0.0,0.0,0.0,0.0
Wirtz,MID,LIV,7.3,5.7,18,6,3.6,4.0,3608,42098,402,5,1.12,0,2,1.0,0.4,0.22,0.31,3,0.67,4,0,36,0,92,65.0,147.3,101.0,31.4,366,8.06,1.08,4.82,1.4,MCI(H) (4),17,2,False,3.9358114926270353,2.3972724298679298,0.8626373587549414,2.7790037210166183,MCI,BRE,BHA,ARS,CRY,3.3395042495256826,2.0815104633375925,3.9591583826694454,2.293489369046811,4.237348605553275,2.0127277072391156,2.6203644152783343,2.1241421830621916,5.285613539530995,3.1788824995837195,19.441989192557735,11.690752222269431
Gakpo,MID,LIV,7.2,12.4,32,3,6.4,5.0,51272,92912,370,4,0.97,1,3,0.64,1.71,0.16,0.58,2,0.49,4,0,32,5,113,133.4,148.8,70.0,35.2,367,7.78,1.34,5.51,2.35,MCI(H) (4),17,4,False,5.230938425328663,3.2533712692012244,0.8626373587549414,3.7714240360478573,MCI,BRE,BHA,ARS,CRY,4.438408987096177,2.824846376903993,5.261967895226687,3.1125258550136543,5.631700015060116,2.7315003559348248,3.482627390544644,2.882702468010122,7.024909352789007,4.3141050067814,25.839613640716628,15.865680062643994
Szoboszlai,MID,LIV,7.0,32.7,20,2,4.0,2.7,36443,214752,440,5,1.02,1,0,1.42,0.82,0.29,0.46,3,0.61,4,0,41,1,103,108.8,178.0,57.0,34.4,368,8.39,1.23,5.99,2.24,MCI(H) (4),17,1,False,4.873340300744323,3.2463518553032484,0.8626373587549414,3.763286881046702,MCI,BRE,BHA,ARS,CRY,4.13498986783477,2.8187515404168697,4.90224852979794,3.105810326585859,5.24670497213327,2.7256069211023832,3.2445475428724606,2.8764828022869877,6.544671543494873,4.3047969733182025,24.07316245613331,15.831448563710303
Ngumoha,MID,LIV,5.7,0.5,4,0,1.3,0.3,787,4267,99,1,0.91,0,0,0.15,0.05,0.14,0.19,0,0.0,2,0,4,0,13,4.4,8.1,11.0,2.1,369,3.64,0.62,0.68,0.2,MCI(H) (4),17,0,False,0.45046896113915164,0.22447329176508907,0.8626373587549414,0.2602174476758983,MCI,BRE,BHA,ARS,CRY,0.382219273667376,0.19490630256595678,0.45314110367517907,0.21475536192043787,0.48498105864667673,0.18846569469605734,0.2999109175242931,0.19889820700742014,0.604959064883037,0.29766087905799843,2.2252114183965617,1.0946864452478704
Chiesa,MID,LIV,5.3,0.0,0,0,0.0,0.0,17,251,0,0,0.0,0,0,0.0,0.0,0.0,0.0,0,0.0,0,0,0,0,0,0.0,0.0,0.0,0.0,370,0.0,0.0,0.0,0.0,MCI(H) (4),17,0,False,0.0,0.0,0.8626373587549414,0.0,MCI,BRE,BHA,ARS,CRY,0.0,0.0,0.0,0.0,0.0,0.0,0.0,0.0,0.0,0.0,0.0,0.0
Gravenberch,MID,LIV,5.8,1.1,9,1,1.8,1.0,1223,9128,190,2,0.95,0,1,0.1,0.08,0.05,0.09,0,0.0,2,0,25,0,51,50.6,42.7,6.0,9.9,371,11.84,0.96,2.02,0.18,MCI(H) (4),17,1,False,0.5695011381467175,1.7458319228226398,0.8626373587549414,2.0238306457564366,MCI,BRE,BHA,ARS,CRY,0.48321711405981177,1.5158758634638432,0.5728793691611466,1.670251117582355,0.6131327321208352,1.4657842969650534,0.3791595506176298,1.5469227383591313,0.7648137956316116,2.315045414751311,2.8132025615910345,8.513879431121694
Mac Allister,MID,LIV,5.4,1.3,11,5,2.2,2.7,3855,6893,306,3,0.88,0,0,0.1,0.49,0.03,0.17,2,0.59,2,0,41,0,59,58.2,50.8,26.0,13.5,372,12.06,1.43,4.85,0.59,MCI(H) (4),17,0,False,1.4964718416805114,2.4952948520947564,0.8626373587549414,2.8926348097145436,MCI,BRE,BHA,ARS,CRY,1.2697442659409304,2.1666216484347642,1.5053487819518447,2.3872681905543147,1.6111220985744368,2.09502642418448,0.9963133574236034,2.210996542768571,2.009692751477246,3.3088642900141183,7.392221255368061,12.168777095956248
C.Jones,MID,LIV,5.5,0.0,0,0,0.0,0.0,0,61,0,0,0.0,0,0,0.0,0.0,0.0,0.0,0,0.0,0,0,0,0,0,0.0,0.0,0.0,0.0,373,0.0,0.0,0.0,0.0,MCI(H) (4),17,0,False,0.0,0.0,0.8626373587549414,0.0,MCI,BRE,BHA,ARS,CRY,0.0,0.0,0.0,0.0,0.0,0.0,0.0,0.0,0.0,0.0,0.0,0.0
Endo,MID,LIV,4.9,0.1,0,0,0.0,0.0,168,445,0,0,0.0,0,0,0.0,0.0,0.0,0.0,0,0.0,0,0,0,0,0,0.0,0.0,0.0,0.0,374,0.0,0.0,0.0,0.0,MCI(H) (4),17,0,False,0.0,0.0,0.8626373587549414,0.0,MCI,BRE,BHA,ARS,CRY,0.0,0.0,0.0,0.0,0.0,0.0,0.0,0.0,0.0,0.0,0.0,0.0
Nyoni,MID,LIV,4.9,0.0,3,1,1.0,0.7,93,312,38,0,0.0,0,0,0.0,0.0,0.0,0.0,0,0.0,0,0,10,0,9,16.2,2.9,0.0,1.9,375,23.68,0.85,0.36,0.0,MCI(H) (4),17,0,False,0.01620619798167324,0.6383669530626072,0.8626373587549414,0.7400177450973983,MCI,BRE,BHA,ARS,CRY,0.01375082803885214,0.5542830575672032,0.01630233173274146,0.6107306796501861,0.017447814903636907,0.5359669755538409,0.010789679479742374,0.5656354098010753,0.02176417738418582,0.846501010948973,0.08005483153915871,3.1131171335212784
Bajcetic,MID,LIV,5.0,0.0,0,0,0.0,0.0,0,3,0,0,0.0,0,0,0.0,0.0,0.0,0.0,0,0.0,0,0,0,0,0,0.0,0.0,0.0,0.0,376,0.0,0.0,0.0,0.0,MCI(H) (4),17,0,False,0.0,0.0,0.8626373587549414,0.0,MCI,BRE,BHA,ARS,CRY,0.0,0.0,0.0,0.0,0.0,0.0,0.0,0.0,0.0,0.0,0.0,0.0
Munoz,MID,LIV,6.5,0.9,15,1,3.0,1.7,1476,11515,257,3,1.05,1,1,0.52,0.31,0.18,0.29,1,0.35,2,0,16,0,60,56.2,42.4,86.0,18.5,377,5.6,1.62,4.63,0.83,MCI(H) (4),17,2,False,2.387680813770979,1.4708338849229607,0.8626373587549414,1.7050431099411685,MCI,BRE,BHA,ARS,CRY,2.025927877652733,1.2770997918944451,2.4018443278315256,1.4071583340615463,2.5706098947299134,1.2348984938243692,1.5896579018504267,1.3032562592038086,3.2065453492851512,1.950386630373054,11.794585351349749,7.172799509357223
McConnell,MID,LIV,4.4,0.2,0,0,0.0,0.0,1060,1510,0,0,0.0,0,0,0.0,0.0,0.0,0.0,0,0.0,0,0,0,0,0,0.0,0.0,0.0,0.0,378,0.0,0.0,0.0,0.0,MCI(H) (4),17,0,False,0.0,0.0,0.8626373587549414,0.0,MCI,BRE,BHA,ARS,CRY,0.0,0.0,0.0,0.0,0.0,0.0,0.0,0.0,0.0,0.0,0.0,0.0
Isak,FWD,LIV,9.1,22.3,33,8,6.6,7.7,115830,86091,413,5,1.09,4,0,3.54,0.08,0.77,0.79,3,0.65,4,0,7,8,133,146.2,47.5,207.0,40.0,379,1.53,1.27,5.82,3.62,MCI(H) (4),17,4,True,7.4743120208814755,2.448587053956023,0.8626373587549414,2.8384894638578007,MCI,BRE,BHA,ARS,CRY,6.3418933561155395,2.1260660697971745,7.518648987024564,2.3425824730913765,8.046946780475146,2.0558109898906225,4.976209171830086,2.1696103394033144,10.037656755222573,3.2469278157747308,36.921355050667906,11.94099768795722
Ekitiké,FWD,LIV,7.4,0.1,0,0,0.0,0.0,380,839,0,0,0.0,0,0,0.0,0.0,0.0,0.0,0,0.0,0,0,0,0,0,0.0,0.0,0.0,0.0,380,0.0,0.0,0.0,0.0,MCI(H) (4),17,0,False,0.0,0.0,0.8626373587549414,0.0,MCI,BRE,BHA,ARS,CRY,0.0,0.0,0.0,0.0,0.0,0.0,0.0,0.0,0.0,0.0,0.0,0.0
Koumas,MID,LIV,5.0,0.0,3,1,1.0,0.7,159,191,22,0,0.0,0,0,0.28,0.0,1.15,1.15,0,0.0,0,0,1,0,14,4.2,0.5,24.0,2.9,381,4.09,2.95,0.72,0.28,MCI(H) (4),17,0,False,0.6464664704338926,0.10213169665562652,0.8626373587549414,0.11839470621007518,MCI,BRE,BHA,ARS,CRY,0.548521576613637,0.08867919748229011,0.6503012530777257,0.0977101966401448,0.6959946639115075,0.08574882565910329,0.4304011353106946,0.09049544907412956,0.8681746916434431,0.13543085846494746,3.193393320557008,0.4980645273206152
Danns,FWD,LIV,4.5,0.2,0,0,0.0,0.0,3511,2419,0,0,0.0,0,0,0.0,0.0,0.0,0.0,0,0.0,0,0,0,0,0,0.0,0.0,0.0,0.0,382,0.0,0.0,0.0,0.0,MCI(H) (4),17,0,False,0.0,0.0,0.8626373587549414,0.0,MCI,BRE,BHA,ARS,CRY,0.0,0.0,0.0,0.0,0.0,0.0,0.0,0.0,0.0,0.0,0.0,0.0
Elliott,MID,LIV,5.4,0.0,0,0,0.0,0.0,0,229,0,0,0.0,0,0,0.0,0.0,0.0,0.0,0,0.0,0,0,0,0,0,0.0,0.0,0.0,0.0,383,0.0,0.0,0.0,0.0,MCI(H) (4),17,0,False,0.0,0.0,0.8626373587549414,0.0,MCI,BRE,BHA,ARS,CRY,0.0,0.0,0.0,0.0,0.0,0.0,0.0,0.0,0.0,0.0,0.0,0.0
Araujo,DEF,LIV,5.4,3.0,22,7,4.4,7.0,17086,10524,284,3,0.95,0,0,0.0,0.06,0.0,0.02,3,0.95,0,0,24,1,81,60.8,10.5,6.0,7.7,579,7.61,0.87,2.75,0.06,MCI(H) (4),17,0,False,0.22143256782373494,1.8574397685820783,0.8626373587549414,2.153210442059861,MCI,BRE,BHA,ARS,CRY,0.1878837445888877,1.612783038403338,0.22274608647737823,1.7770272205243094,0.23839733794407567,1.5594892095592665,0.1474242407686382,1.6458146832981477,0.29737373875115075,2.463042039281992,1.0938251485301307,9.058156191067052
Barcola,MID,LIV,8.0,1.9,7,3,2.3,2.3,11130,19003,168,2,1.07,0,0,0.26,0.13,0.14,0.21,2,1.07,0,0,8,0,22,10.8,27.4,31.0,7.0,627,4.29,0.77,1.43,0.39,MCI(H) (4),17,0,False,1.056420694093379,0.478632631087826,0.8626373587549414,0.5548480207008937,MCI,BRE,BHA,ARS,CRY,0.8963644228948905,0.4155884901904948,1.0626872893888415,0.457911598782834,1.1373570008065415,0.40185551970507527,0.7033383584431363,0.42410021873888837,1.4187243303194015,0.6346866863098342,5.218471401852811,2.3341425137271266
Enzo,MID,MCI,6.9,3.6,13,7,3.2,4.0,31111,14711,271,3,1.0,1,0,0.35,0.53,0.12,0.3,2,0.66,3,0,21,0,73,63.8,72.8,42.0,17.8,155,6.97,1.78,5.35,0.88,LIV(A) (4),15,1,False,2.1991570989931186,1.7825958495648524,0.8484919198446327,2.100899027879091,LIV,IPS,AVL,BHA,NFO,1.897075071362603,2.236503019645222,2.683785793624053,2.465330988153293,2.9016920442583185,3.307523594259673,2.3676426790936564,1.5216020228922478,1.3050728170820292,2.024096324522532,11.15526840542066,11.555055949472967
Ndiaye,MID,MCI,5.8,6.7,22,5,4.4,3.0,7028,68749,385,4,0.94,0,2,0.38,0.58,0.09,0.23,2,0.47,4,0,44,1,110,77.8,102.6,80.0,26.1,237,10.29,2.2,9.42,0.96,LIV(A) (4),15,2,False,2.9042065370134527,2.905591108513404,0.8484919198446327,3.4244181241530813,LIV,IPS,AVL,BHA,NFO,2.50527705636812,3.645449578282617,3.5442071188799598,4.018434016027459,3.831974080975516,5.391189006204161,3.126708568971296,2.4801770460146457,1.7234789676387967,3.29923144651267,14.731645792833689,18.834481093041553
Donnarumma,GKP,MCI,5.5,7.6,19,2,3.8,5.3,10716,30557,450,5,1.0,0,0,0.0,0.0,0.0,0.0,2,0.4,5,1,0,0,84,112.6,0.0,0.0,11.4,384,0.0,1.45,7.25,0.0,LIV(A) (4),15,0,False,0.0,1.6713244774955769,0.8484919198446327,1.9697588608759091,LIV,IPS,AVL,BHA,NFO,0.0,2.0968983191777824,0.0,2.3114426226420166,0.0,3.1010647446137387,0.0,1.4266221401151526,0.0,1.8977502571932612,0.0,10.83377808374195
Bettinelli,GKP,MCI,4.5,0.0,0,0,0.0,0.0,51,89,0,0,0.0,0,0,0.0,0.0,0.0,0.0,0,0.0,0,0,0,0,0,0.0,0.0,0.0,0.0,386,0.0,0.0,0.0,0.0,LIV(A) (4),15,0,False,0.0,0.0,0.8484919198446327,0.0,LIV,IPS,AVL,BHA,NFO,0.0,0.0,0.0,0.0,0.0,0.0,0.0,0.0,0.0,0.0,0.0,0.0
O'Reilly,DEF,MCI,6.3,10.9,6,1,1.5,0.7,5342,71664,163,2,1.1,0,0,0.87,0.43,0.48,0.72,0,0.0,2,0,5,0,22,17.8,39.5,33.0,9.0,387,2.76,1.16,2.1,1.3,LIV(A) (4),15,0,False,2.459046077059588,0.4631608071858959,0.8484919198446327,0.545863544900587,LIV,IPS,AVL,BHA,NFO,2.121265012971383,0.5810966877912553,3.0009465583432298,0.6405516375078603,3.2446042356570914,0.8593733111617307,2.6474427154702904,0.3953484023372434,1.4593019264480982,0.5259083755393623,12.473560448890094,3.002278414337452
Guéhi,DEF,MCI,6.0,18.2,30,4,6.0,6.0,23626,51695,450,5,1.0,1,1,0.95,0.39,0.19,0.27,2,0.4,5,0,29,4,114,146.0,56.6,41.0,24.3,388,5.8,1.45,7.25,1.34,LIV(A) (4),15,2,False,2.6864474801483045,3.3210203784607084,0.8484919198446327,3.914027111853723,LIV,IPS,AVL,BHA,NFO,2.3174299587090013,4.166660719278464,3.2784604546169875,4.592972912680338,3.5446504863309602,6.161998672586026,2.8922661832821777,2.8347823917382846,1.5942515350382602,3.770941766383931,13.627058617977388,21.527356462667044
Matheus N.,DEF,MCI,5.9,1.0,11,1,3.7,3.3,1664,2949,213,2,0.85,0,0,0.0,0.06,0.0,0.03,1,0.42,3,0,21,1,38,60.0,6.3,4.0,7.0,389,8.87,1.97,4.67,0.06,LIV(A) (4),15,0,False,0.1760135473009993,1.7261923592053212,0.8484919198446327,2.0344240396790156,LIV,IPS,AVL,BHA,NFO,0.15183586154882198,2.165737357008671,0.2148016883141623,2.3873249316165284,0.23224221230890474,3.2028695442638266,0.1894985978397444,1.4734566931192672,0.1044538819559043,1.9600514668197397,0.8928322419675377,11.189439992828033
Rúben,DEF,MCI,5.5,1.9,17,1,3.4,4.3,4695,9130,450,5,1.0,0,0,0.29,0.74,0.06,0.21,2,0.4,5,0,26,0,72,94.2,47.3,46.0,18.7,390,5.2,1.45,7.25,1.03,LIV(A) (4),15,0,False,2.35824674745398,2.43277875636393,0.8484919198446327,2.867179638916769,LIV,IPS,AVL,BHA,NFO,2.0343117455161326,3.052243746705039,2.8779340600882306,3.3645342868093717,3.111603908887767,4.513907702776049,2.5389207754472083,2.076590202897794,1.3994833418146488,2.762363965076416,11.962253831753987,15.76963990426467
Gvardiol,DEF,MCI,5.7,26.8,37,4,7.4,7.7,147854,55107,434,5,1.04,1,3,0.22,0.74,0.05,0.2,2,0.41,5,0,31,6,135,144.4,63.5,32.0,24.0,391,6.43,1.5,7.25,0.96,LIV(A) (4),15,4,False,2.200067947114194,3.3768535339837222,0.8484919198446327,3.979829925312733,LIV,IPS,AVL,BHA,NFO,1.8978608029799944,4.236710821186882,2.6848973655297663,4.670190195841223,2.902893868697174,6.265594492849726,2.3686233106668246,2.8824408906678167,1.3056133528736058,3.83433902208169,11.159888700747365,21.889275422627335
Aït-Nouri,DEF,MCI,5.3,0.4,0,0,0.0,0.0,529,2189,0,0,0.0,0,0,0.0,0.0,0.0,0.0,0,0.0,0,0,0,0,0,0.0,0.0,0.0,0.0,392,0.0,0.0,0.0,0.0,LIV(A) (4),15,0,False,0.0,0.0,0.8484919198446327,0.0,LIV,IPS,AVL,BHA,NFO,0.0,0.0,0.0,0.0,0.0,0.0,0.0,0.0,0.0,0.0,0.0,0.0
Khusanov,DEF,MCI,5.4,1.4,9,0,3.0,1.7,1419,9031,268,3,1.01,0,0,0.0,0.06,0.0,0.02,1,0.34,2,0,17,0,53,51.6,12.6,4.0,6.8,393,5.71,0.9,2.68,0.06,LIV(A) (4),15,0,False,0.2112201153301515,1.4423469723249365,0.8484919198446327,1.6998947645712932,LIV,IPS,AVL,BHA,NFO,0.182206362404316,1.8096156567223656,0.2577667348595674,1.9947666137614781,0.27869574598442226,2.6762076458543733,0.22740247159592114,1.2311697412163687,0.12534694818506664,1.6377516003314885,1.0714182630292934,9.349511257886075
Alleyne,DEF,MCI,5.0,0.0,0,0,0.0,0.0,0,20,0,0,0.0,0,0,0.0,0.0,0.0,0.0,0,0.0,0,0,0,0,0,0.0,0.0,0.0,0.0,394,0.0,0.0,0.0,0.0,LIV(A) (4),15,0,False,0.0,0.0,0.8484919198446327,0.0,LIV,IPS,AVL,BHA,NFO,0.0,0.0,0.0,0.0,0.0,0.0,0.0,0.0,0.0,0.0,0.0,0.0
Lewis,DEF,MCI,4.4,0.2,1,0,1.0,0.0,307,1207,56,1,1.61,0,0,0.17,0.02,0.27,0.3,0,0.0,1,0,2,0,-1,3.8,3.8,39.0,4.7,395,3.21,0.88,0.55,0.19,LIV(A) (4),15,0,False,0.7124192618817022,0.13598548392866283,0.8484919198446327,0.160267270374906,LIV,IPS,AVL,BHA,NFO,0.6145594703957765,0.17061183302351596,0.8694152386919717,0.18806799508154998,0.9400061984316599,0.25231473341569033,0.7670003432732464,0.11607554650166194,0.4227797156797675,0.15440836927541077,3.6137609664724226,0.881478477297829
Vitor Reis,DEF,MCI,4.5,0.0,1,0,1.0,0.0,73,153,1,0,0.0,0,0,0.0,0.0,0.0,0.0,0,0.0,0,0,0,0,3,1.2,0.9,0.0,0.2,396,0.0,0.0,0.0,0.0,LIV(A) (4),15,0,False,0.0050295097184503154,0.01781162853458874,0.8484919198446327,0.020992101536865815,LIV,IPS,AVL,BHA,NFO,0.004338642979356289,0.022347051358910647,0.006137863792200733,0.024633491537925576,0.006636219096502501,0.033048647367109114,0.005414839108025246,0.015203788349362195,0.0029847237470231936,0.020224691906144877,0.025512288723107963,0.11545767051945241
Semenyo,MID,MCI,8.4,15.3,33,17,6.6,8.7,125732,68690,450,5,1.0,2,3,0.33,1.16,0.07,0.3,2,0.4,5,0,22,2,147,155.4,148.1,130.0,43.4,397,4.4,1.45,7.25,1.49,LIV(A) (4),15,5,False,4.576072080772216,3.182007824489692,0.8484919198446327,3.7501922529472638,LIV,IPS,AVL,BHA,NFO,3.9474907332295737,3.9922510252355505,5.584502010610822,4.400718478154005,6.037927875552332,5.904067351658924,4.926661931521753,2.716122975257903,2.7156346785584993,3.6130962291445674,23.21221722947298,20.62625605945095
Foden,MID,MCI,6.9,1.8,9,0,2.2,-0.3,211,28532,217,3,1.24,0,2,1.61,0.88,0.67,1.03,0,0.0,2,0,14,1,52,57.6,122.3,45.0,22.3,398,5.81,0.79,1.91,2.49,LIV(A) (4),15,2,False,4.785351115177138,1.4120321246441825,0.8484919198446327,1.6641668489933759,LIV,IPS,AVL,BHA,NFO,4.12802264671142,1.7715816579364705,5.839899908149131,1.9528411636339276,6.314062449767543,2.6199598575601515,5.151974608784995,1.205293357870157,2.83982970724112,1.6033297925032848,24.273789320654206,9.153005829503991
Cherki,MID,MCI,7.8,28.4,34,8,6.8,4.0,124085,89745,302,4,1.19,3,2,0.72,1.54,0.21,0.67,1,0.3,4,0,12,5,150,165.8,199.0,108.0,47.3,399,3.58,1.49,5.0,2.26,LIV(A) (4),15,5,False,5.762559750704087,2.9384653039438025,0.8484919198446327,3.4631623887259466,LIV,IPS,AVL,BHA,NFO,4.970999323014907,3.6866946184112823,7.032456208303737,4.0638990454254325,7.603446698208607,5.452185545074646,6.204050821490215,2.5082380573089673,3.4197466342437193,3.3365593344680633,29.230699685261182,19.04757660068839
Doku,MID,MCI,7.4,0.7,1,1,1.0,0.3,4426,2085,15,0,0.0,0,0,0.23,0.32,1.38,3.3,0,0.0,0,0,2,0,7,3.6,13.8,5.0,2.2,400,12.0,2.52,0.42,0.55,LIV(A) (4),15,0,False,0.9612343977526039,0.13301687917289806,0.8484919198446327,0.1567685867854284,LIV,IPS,AVL,BHA,NFO,0.829196702021703,0.16688732446369756,1.1730618163715292,0.1839624131585624,1.2683069371911635,0.24680662552117222,1.0348781293405331,0.11354158177676826,0.5704371388135486,0.1510375872910533,4.875880723738477,0.8622355322112537
Rodrigo,MID,MCI,6.5,0.0,0,0,0.0,0.0,0,25,0,0,0.0,0,0,0.0,0.0,0.0,0.0,0,0.0,0,0,0,0,0,0.0,0.0,0.0,0.0,402,0.0,0.0,0.0,0.0,LIV(A) (4),15,0,False,0.0,0.0,0.8484919198446327,0.0,LIV,IPS,AVL,BHA,NFO,0.0,0.0,0.0,0.0,0.0,0.0,0.0,0.0,0.0,0.0,0.0,0.0
Reijnders,MID,MCI,6.0,0.0,0,0,0.0,0.0,0,100,0,0,0.0,0,0,0.0,0.0,0.0,0.0,0,0.0,0,0,0,0,0,0.0,0.0,0.0,0.0,404,0.0,0.0,0.0,0.0,LIV(A) (4),15,0,False,0.0,0.0,0.8484919198446327,0.0,LIV,IPS,AVL,BHA,NFO,0.0,0.0,0.0,0.0,0.0,0.0,0.0,0.0,0.0,0.0,0.0,0.0
Kovačić,MID,MCI,5.4,0.1,2,0,1.0,0.0,113,464,42,0,0.0,0,0,0.0,0.02,0.0,0.04,0,0.0,0,0,2,0,12,4.2,5.2,0.0,0.9,406,4.29,0.21,0.1,0.02,LIV(A) (4),15,0,False,0.06136306579501698,0.14192269344019243,0.8484919198446327,0.1672646375538613,LIV,IPS,AVL,BHA,NFO,0.052934073002519136,0.17806085014315287,0.07488565701344647,0.1962791589275252,0.08096589366454246,0.26333094920472677,0.06606431780741505,0.12114347595144935,0.03641543806877587,0.16114993324412574,0.311265379556699,0.91996436747098
Echeverri,MID,MCI,4.9,0.0,0,0,0.0,0.0,0,54,0,0,0.0,0,0,0.0,0.0,0.0,0.0,0,0.0,0,0,0,0,0,0.0,0.0,0.0,0.0,407,0.0,0.0,0.0,0.0,LIV(A) (4),15,0,False,0.0,0.0,0.8484919198446327,0.0,LIV,IPS,AVL,BHA,NFO,0.0,0.0,0.0,0.0,0.0,0.0,0.0,0.0,0.0,0.0,0.0,0.0
Phillips,MID,MCI,5.0,0.0,0,0,0.0,0.0,0,12,0,0,0.0,0,0,0.0,0.0,0.0,0.0,0,0.0,0,0,0,0,0,0.0,0.0,0.0,0.0,408,0.0,0.0,0.0,0.0,LIV(A) (4),15,0,False,0.0,0.0,0.8484919198446327,0.0,LIV,IPS,AVL,BHA,NFO,0.0,0.0,0.0,0.0,0.0,0.0,0.0,0.0,0.0,0.0,0.0,0.0
Mukasa,MID,MCI,4.5,0.1,0,0,0.0,0.0,0,600,0,0,0.0,0,0,0.0,0.0,0.0,0.0,0,0.0,0,0,0,0,0,0.0,0.0,0.0,0.0,409,0.0,0.0,0.0,0.0,LIV(A) (4),15,0,False,0.0,0.0,0.8484919198446327,0.0,LIV,IPS,AVL,BHA,NFO,0.0,0.0,0.0,0.0,0.0,0.0,0.0,0.0,0.0,0.0,0.0,0.0
Monga,MID,MCI,4.9,0.0,0,0,0.0,0.0,0,51,0,0,0.0,0,0,0.0,0.0,0.0,0.0,0,0.0,0,0,0,0,0,0.0,0.0,0.0,0.0,410,0.0,0.0,0.0,0.0,LIV(A) (4),15,0,False,0.0,0.0,0.8484919198446327,0.0,LIV,IPS,AVL,BHA,NFO,0.0,0.0,0.0,0.0,0.0,0.0,0.0,0.0,0.0,0.0,0.0,0.0
Haaland,FWD,MCI,15.6,73.8,39,6,7.8,8.0,79265,20520,450,5,1.0,5,0,4.42,0.53,0.88,0.99,2,0.4,5,0,20,9,167,184.2,22.5,258.0,46.5,411,4.0,1.45,7.25,4.95,LIV(A) (4),15,5,True,9.816327375589914,3.52990491575069,0.8484919198446327,4.160210407657212,LIV,IPS,AVL,BHA,NFO,8.46793071995271,4.42873408746244,11.979553424461164,4.881860336519433,12.952216584538567,6.549574205049697,10.568392615990565,3.0130836789139135,5.825423762279685,4.008125323319425,49.793517107222684,22.88137763126491
Anderson,MID,MCI,6.3,4.0,15,2,3.0,3.3,7860,27893,413,5,1.09,0,0,0.11,0.67,0.02,0.17,2,0.44,5,0,54,0,95,87.4,77.1,19.0,18.4,481,11.77,1.56,7.15,0.78,LIV(A) (4),15,0,False,1.8709424873401885,3.4459941046357727,0.8484919198446327,4.061316347322163,LIV,IPS,AVL,BHA,NFO,1.6139448856615406,4.32345684108873,2.2832424616277764,4.765811641054793,2.468627154133513,6.393881602240259,2.0142823289815976,2.9414584364529515,1.1102963874974896,3.9128465396249226,9.490393217901918,22.337455060461657
Rulli,GKP,MCI,5.0,0.0,0,0,0.0,0.0,72,103,0,0,0.0,0,0,0.0,0.0,0.0,0.0,0,0.0,0,0,0,0,0,0.0,0.0,0.0,0.0,587,0.0,0.0,0.0,0.0,LIV(A) (4),15,0,False,0.0,0.0,0.8484919198446327,0.0,LIV,IPS,AVL,BHA,NFO,0.0,0.0,0.0,0.0,0.0,0.0,0.0,0.0,0.0,0.0,0.0,0.0
Bouaddi,MID,MCI,5.5,0.2,2,0,1.0,0.3,839,2122,22,0,0.0,0,0,0.0,0.12,0.0,0.49,0,0.0,0,0,6,0,8,13.0,4.8,0.0,1.8,616,24.55,1.51,0.37,0.12,LIV(A) (4),15,0,False,0.22064610969555928,0.4317052898321069,0.8484919198446327,0.5087912798405392,LIV,IPS,AVL,BHA,NFO,0.19033757728733033,0.5416315675490955,0.26926993750945727,0.5970486406285508,0.2911329351565147,0.8010090634032166,0.23755062634241642,0.36849835730413544,0.1309407318333082,0.4901913637010922,1.119231808129027,2.7983789925860902
McAidoo,MID,MCI,4.5,0.1,2,0,1.0,0.3,194,1094,11,0,0.0,0,0,0.1,0.0,0.82,0.82,0,0.0,0,0,4,0,8,5.2,0.5,3.0,0.8,621,32.73,0.16,0.02,0.1,LIV(A) (4),15,0,False,0.1715363477952131,0.2363477107881482,0.8484919198446327,0.27855033767608045,LIV,IPS,AVL,BHA,NFO,0.14797366199253165,0.2965295633292107,0.2093378474478817,0.32686900708724886,0.22633474249128907,0.43853217209716255,0.1846783834778101,0.20174351630459952,0.10179692244431238,0.2683673547385318,0.8701215578538248,1.5320416135567534
Braithwaite,DEF,MCI,4.0,0.2,1,0,1.0,0.0,583,1646,1,0,0.0,0,0,0.0,0.0,0.0,0.0,0,0.0,0,0,0,0,3,0.6,0.8,0.0,0.1,622,0.0,0.0,0.0,0.0,LIV(A) (4),15,0,False,0.00447067530528917,0.00890581426729437,0.8484919198446327,0.010496050768432907,LIV,IPS,AVL,BHA,NFO,0.0038565715372055913,0.011173525679455324,0.005455878926400653,0.012316745768962788,0.005898861419113336,0.016524323683554557,0.004813190318244664,0.007601894174681097,0.002653087775131728,0.010112345953072439,0.022677589976095973,0.057728835259726205
Allan,MID,MCI,6.0,0.0,0,0,0.0,0.0,225,167,0,0,0.0,0,0,0.0,0.0,0.0,0.0,0,0.0,0,0,0,0,0,0.0,0.0,0.0,0.0,628,0.0,0.0,0.0,0.0,LIV(A) (4),15,0,False,0.0,0.0,0.8484919198446327,0.0,LIV,IPS,AVL,BHA,NFO,0.0,0.0,0.0,0.0,0.0,0.0,0.0,0.0,0.0,0.0,0.0,0.0
Samba,MID,MCI,4.5,0.0,0,0,0.0,0.0,248,494,0,0,0.0,0,0,0.0,0.0,0.0,0.0,0,0.0,0,0,0,0,0,0.0,0.0,0.0,0.0,653,0.0,0.0,0.0,0.0,LIV(A) (4),15,0,False,0.0,0.0,0.8484919198446327,0.0,LIV,IPS,AVL,BHA,NFO,0.0,0.0,0.0,0.0,0.0,0.0,0.0,0.0,0.0,0.0,0.0,0.0
Tielemans,MID,MUN,5.8,1.5,14,4,2.8,2.7,3158,10739,402,5,1.12,0,0,0.65,0.52,0.15,0.27,0,0.0,8,0,43,0,93,87.2,112.6,43.0,24.4,43,9.63,1.38,6.16,1.17,TOT(H) (2),15,0,False,2.823855983784288,3.005324535249783,0.7738800114327989,3.883450264706514,TOT,LEE,BOU,CHE,AVL,3.175517940601882,4.792761295394254,2.185475351406354,4.901934906569571,2.717372747051064,3.9303040008219408,3.3213118408229154,3.2633145151142706,3.7259550243271433,6.113860403190203,15.12563290420936,23.00217512109024
Baleba,MID,MUN,4.9,0.1,0,0,0.0,0.0,1288,733,0,0,0.0,0,0,0.0,0.0,0.0,0.0,0,0.0,0,0,0,0,0,0.0,0.0,0.0,0.0,131,0.0,0.0,0.0,0.0,TOT(H) (2),15,0,False,0.0,0.0,0.7738800114327989,0.0,TOT,LEE,BOU,CHE,AVL,0.0,0.0,0.0,0.0,0.0,0.0,0.0,0.0,0.0,0.0,0.0,0.0
Andrey Santos,MID,MUN,4.8,0.6,4,0,1.3,0.3,1043,4957,82,1,1.1,0,0,0.0,0.24,0.0,0.26,0,0.0,4,0,18,0,23,24.8,5.5,8.0,3.9,162,19.76,2.23,2.03,0.24,TOT(H) (2),15,0,False,0.5061719091313814,1.0843449318370206,0.7738800114327989,1.4011796606936673,TOT,LEE,BOU,CHE,AVL,0.5692067823945345,1.7292662936096024,0.3917431474314997,1.7686569985334089,0.4870849501868554,1.4180848603479768,0.5953401182439408,1.177429763058931,0.6678717961650132,2.2059293312252337,2.7112467944218435,8.299367246775153
Darlow,GKP,MUN,4.5,0.0,0,0,0.0,0.0,59,212,0,0,0.0,0,0,0.0,0.0,0.0,0.0,0,0.0,0,0,0,0,0,0.0,0.0,0.0,0.0,325,0.0,0.0,0.0,0.0,TOT(H) (2),15,0,False,0.0,0.0,0.7738800114327989,0.0,TOT,LEE,BOU,CHE,AVL,0.0,0.0,0.0,0.0,0.0,0.0,0.0,0.0,0.0,0.0,0.0,0.0
Lammens,GKP,MUN,4.9,9.9,11,4,2.2,2.7,6765,48760,450,5,1.0,0,0,0.0,0.0,0.0,0.0,0,0.0,8,0,0,0,58,132.8,0.0,0.0,13.3,412,0.0,1.36,6.8,0.0,TOT(H) (2),15,0,False,0.0,1.9711535578278208,0.7738800114327989,2.5471048853921574,TOT,LEE,BOU,CHE,AVL,0.0,3.1435102493683478,0.0,3.2151158112852243,0.0,2.577835645933389,0.0,2.140365854446411,0.0,4.010002096099539,0.0,15.086829657132911
Bayindir,GKP,MUN,4.5,0.0,0,0,0.0,0.0,0,40,0,0,0.0,0,0,0.0,0.0,0.0,0.0,0,0.0,0,0,0,0,0,0.0,0.0,0.0,0.0,413,0.0,0.0,0.0,0.0,TOT(H) (2),15,0,False,0.0,0.0,0.7738800114327989,0.0,TOT,LEE,BOU,CHE,AVL,0.0,0.0,0.0,0.0,0.0,0.0,0.0,0.0,0.0,0.0,0.0,0.0
Heaton,GKP,MUN,4.0,0.1,0,0,0.0,0.0,200,271,0,0,0.0,0,0,0.0,0.0,0.0,0.0,0,0.0,0,0,0,0,0,0.0,0.0,0.0,0.0,414,0.0,0.0,0.0,0.0,TOT(H) (2),15,0,False,0.0,0.0,0.7738800114327989,0.0,TOT,LEE,BOU,CHE,AVL,0.0,0.0,0.0,0.0,0.0,0.0,0.0,0.0,0.0,0.0,0.0,0.0
Dorgu,MID,MUN,5.8,0.5,10,4,2.0,3.0,1030,4184,171,2,1.05,0,1,0.78,0.09,0.41,0.46,0,0.0,6,0,20,0,27,49.2,44.1,72.0,15.6,415,10.53,1.78,3.38,0.87,TOT(H) (2),15,1,False,2.241337286921521,1.5260967056094568,0.7738800114327989,1.9720068784099585,TOT,LEE,BOU,CHE,AVL,2.5204567111177902,2.4337528735697003,1.734644905010552,2.489190975644853,2.1568199282839786,1.995799095021701,2.6361755390777075,1.6571034084575142,2.957346965770385,3.104603882352159,12.005444049260412,11.680450235045926
De Ligt,DEF,MUN,5.0,0.0,0,0,0.0,0.0,76,132,0,0,0.0,0,0,0.0,0.0,0.0,0.0,0,0.0,0,0,0,0,0,0.0,0.0,0.0,0.0,416,0.0,0.0,0.0,0.0,TOT(H) (2),15,0,False,0.0,0.0,0.7738800114327989,0.0,TOT,LEE,BOU,CHE,AVL,0.0,0.0,0.0,0.0,0.0,0.0,0.0,0.0,0.0,0.0,0.0,0.0
Dalot,DEF,MUN,4.9,1.6,8,2,1.6,1.7,1276,7560,346,4,1.04,0,0,0.24,0.23,0.06,0.12,0,0.0,4,0,16,0,46,43.6,107.7,49.0,20.2,417,4.16,1.22,4.7,0.47,TOT(H) (2),15,0,False,1.8370508433497823,1.283811785309779,0.7738800114327989,1.6589287309965115,TOT,LEE,BOU,CHE,AVL,2.0658234500462664,2.047367385130774,1.421754282256589,2.0940040684665555,1.7677785005084037,1.6789436671224631,2.1606692243684327,1.3940197088658064,2.4239086054773833,2.611713293287315,9.839934062657075,9.826048122872914
Maguire,DEF,MUN,4.8,8.6,10,2,2.0,1.7,4383,75048,450,5,1.0,0,1,0.2,0.46,0.04,0.13,0,0.0,8,0,31,0,50,86.0,50.1,50.0,18.6,418,6.2,1.36,6.8,0.66,TOT(H) (2),15,1,False,1.843300401336493,2.510020945300403,0.7738800114327989,3.243423926473083,TOT,LEE,BOU,CHE,AVL,2.0728512813597586,4.0028726003346,1.4265910214584365,4.094053452023002,1.7737923973401553,3.2825557598694135,2.168019716412066,2.725491935385563,2.4321546251448605,5.106243099091701,9.873409041715277,19.211216846704282
Martinez,DEF,MUN,5.0,1.3,6,0,1.5,1.7,3713,6456,360,4,1.0,0,0,0.21,0.16,0.05,0.09,0,0.0,6,1,20,0,29,66.4,18.8,32.0,11.8,419,5.0,1.45,5.79,0.37,TOT(H) (2),15,0,False,0.999880330125232,1.7813967146052287,0.7738800114327989,2.301902993084244,TOT,LEE,BOU,CHE,AVL,1.1243979668228552,2.840894261289095,0.7738403900174498,2.905606577708903,0.9621763910755724,2.3296753985612666,1.1760211565040424,1.934319467918947,1.3192985623733493,3.6239716237144486,5.355734466793269,13.634467329192658
Yoro,DEF,MUN,4.8,0.5,2,0,1.0,0.3,465,2188,22,0,0.0,0,0,0.0,0.02,0.0,0.08,0,0.0,2,0,5,0,-1,7.8,2.4,2.0,1.3,420,20.45,4.46,1.09,0.02,TOT(H) (2),15,0,False,0.06766367739647237,0.3147305693976564,0.7738800114327989,0.40669168960049634,TOT,LEE,BOU,CHE,AVL,0.07609000697395679,0.5019186692797929,0.05236715327717572,0.5133518015107351,0.06511218489125138,0.41159841527123664,0.07958343988540056,0.34174839469714324,0.08927927635388073,0.6402698754641849,0.36243206138166517,2.408887156223093
Heaven,DEF,MUN,4.3,0.3,1,0,1.0,0.0,239,1491,90,1,1.0,0,0,0.12,0.04,0.12,0.16,0,0.0,2,0,2,0,5,6.8,2.6,11.0,2.0,421,2.0,1.01,1.01,0.16,TOT(H) (2),15,0,False,0.362835166367633,0.1805145552651347,0.7738800114327989,0.23325910037516193,TOT,LEE,BOU,CHE,AVL,0.4080199510520442,0.28787678787513643,0.2808101111648121,0.2944342912784629,0.34915321405231453,0.23607336593556447,0.42675290143827244,0.1960107008333964,0.478745204746011,0.3672284901980708,1.9434813824534543,1.381623636120631
Mazraoui,DEF,MUN,4.4,0.5,3,0,1.0,0.3,585,2879,97,1,0.93,0,0,0.22,0.06,0.2,0.26,0,0.0,4,0,6,0,6,21.0,31.2,11.0,6.4,422,5.57,1.93,2.08,0.28,TOT(H) (2),15,0,False,0.6907856978168144,0.5504494800626984,0.7738800114327989,0.7112853051257515,TOT,LEE,BOU,CHE,AVL,0.7768109950100246,0.8778329701737602,0.5346218519471106,0.8978289994887857,0.6647372387541187,0.7198669456045852,0.8124758241231069,0.5977024301558205,0.9114616525396094,1.1198029499440596,3.70010756237397,4.21303429536701
Shaw,DEF,MUN,4.3,7.7,9,2,2.2,2.0,3661,76714,335,4,1.07,0,1,0.03,0.58,0.01,0.17,0,0.0,5,0,23,0,54,92.6,91.6,17.0,20.1,423,6.18,1.24,4.63,0.61,TOT(H) (2),15,1,False,1.6760027883011541,2.289656927964114,0.7738800114327989,2.9586717503207405,TOT,LEE,BOU,CHE,AVL,1.8847196717223416,3.651445617724492,1.2971138768244979,3.734621365383853,1.6128033182513217,2.994368055408395,1.9712506367187554,2.4862109233192116,2.2114127086213387,4.65794714167415,8.977300212138255,17.5245931035101
Amass,DEF,MUN,4.0,0.2,0,0,0.0,0.0,420,790,0,0,0.0,0,0,0.0,0.0,0.0,0.0,0,0.0,0,0,0,0,0,0.0,0.0,0.0,0.0,424,0.0,0.0,0.0,0.0,TOT(H) (2),15,0,False,0.0,0.0,0.7738800114327989,0.0,TOT,LEE,BOU,CHE,AVL,0.0,0.0,0.0,0.0,0.0,0.0,0.0,0.0,0.0,0.0,0.0,0.0
Fredricson,DEF,MUN,4.0,0.0,0,0,0.0,0.0,0,49,0,0,0.0,0,0,0.0,0.0,0.0,0.0,0,0.0,0,0,0,0,0,0.0,0.0,0.0,0.0,425,0.0,0.0,0.0,0.0,TOT(H) (2),15,0,False,0.0,0.0,0.7738800114327989,0.0,TOT,LEE,BOU,CHE,AVL,0.0,0.0,0.0,0.0,0.0,0.0,0.0,0.0,0.0,0.0,0.0,0.0
B.Fernandes,MID,MUN,11.9,38.5,31,2,6.2,2.0,44488,197312,450,5,1.0,3,1,2.56,1.32,0.51,0.77,0,0.0,8,0,29,3,148,187.0,241.7,117.0,54.6,426,5.8,1.36,6.8,3.88,TOT(H) (2),15,4,False,8.243699412701732,3.9295843533924906,0.7738800114327989,5.077769544812338,TOT,LEE,BOU,CHE,AVL,9.27030823536618,6.266730788979854,6.3800710710178095,6.4094797364715514,7.932842272266445,5.139032714955079,9.695925227354904,4.266916770013937,10.877202457271306,7.994121732082865,44.15634926327664,30.07628174250329
Mbeumo,MID,MUN,7.9,20.6,25,2,5.0,4.0,37260,130245,450,5,1.0,2,1,3.07,0.8,0.61,0.77,0,0.0,8,0,26,3,110,120.8,164.2,156.0,44.2,427,5.2,1.36,6.8,3.87,TOT(H) (2),15,3,False,8.091375760409363,2.827603188880647,0.7738800114327989,3.6538005208914566,TOT,LEE,BOU,CHE,AVL,9.099015331829294,4.509338995987726,6.262182768840642,4.6120565719034605,7.786262509046415,3.697883538248496,9.516767949894154,3.0703368042382473,10.676218030005286,5.752314257466676,43.340446589615794,21.641930167844606
Cunha,MID,MUN,7.9,5.8,26,10,5.2,5.0,22285,21682,407,5,1.11,1,2,0.63,0.83,0.14,0.32,1,0.22,5,0,13,4,95,73.0,111.5,114.0,30.0,428,2.87,1.2,5.44,1.46,TOT(H) (2),15,3,False,4.070404863993349,1.6008236940535054,0.7738800114327989,2.0685683444513097,TOT,LEE,BOU,CHE,AVL,4.577302718463075,2.5529242355092334,3.150220673995086,2.6110769246730694,3.9169161991246026,2.0935255728799764,4.7874551497513655,1.7382452828873827,5.370721998972944,3.2566241950801316,21.802616740307073,12.252396211029794
Rashford,MID,MUN,7.0,1.5,10,2,2.0,2.3,4174,17799,351,4,1.03,0,0,0.78,0.43,0.2,0.31,1,0.26,3,0,18,0,58,53.4,163.2,157.0,37.3,429,4.62,1.15,4.5,1.21,TOT(H) (2),15,0,False,4.388860515000899,1.5088554119113855,0.7738800114327989,1.9497278513730023,TOT,LEE,BOU,CHE,AVL,4.935416460405865,2.406257205747665,3.3966840134109924,2.461068988012004,4.223363380624503,1.9732512720474866,5.162010555743041,1.6383820479773596,5.790910365416066,3.069529180234622,23.50838477560047,11.548488694019138
Mount,MID,MUN,5.4,0.0,1,1,1.0,0.3,188,200,10,0,0.0,0,0,0.09,0.01,0.81,0.9,0,0.0,0,0,1,0,3,0.6,1.1,5.0,0.7,430,9.0,0.0,0.0,0.1,TOT(H) (2),15,0,False,0.19940714630202053,0.048696811051860286,0.7738800114327989,0.06292553151967403,TOT,LEE,BOU,CHE,AVL,0.2242398246236702,0.07765956337859702,0.15432777225180083,0.07942855925671166,0.19188781157393733,0.06368472657762042,0.23453508959407338,0.052877154690418454,0.2631090476700128,0.09906600813308127,1.0680995457134945,0.37271601203642885
Amad,MID,MUN,5.7,0.3,0,0,0.0,0.0,132,1844,0,0,0.0,0,0,0.0,0.0,0.0,0.0,0,0.0,0,0,0,0,0,0.0,0.0,0.0,0.0,431,0.0,0.0,0.0,0.0,TOT(H) (2),15,0,False,0.0,0.0,0.7738800114327989,0.0,TOT,LEE,BOU,CHE,AVL,0.0,0.0,0.0,0.0,0.0,0.0,0.0,0.0,0.0,0.0,0.0,0.0
Mainoo,MID,MUN,5.5,1.6,22,4,4.4,5.7,7686,15220,354,4,1.02,0,1,0.3,0.52,0.08,0.21,0,0.0,4,0,56,2,102,83.2,88.8,21.0,19.3,432,14.24,1.21,4.77,0.82,TOT(H) (2),15,1,False,1.9740549211716965,3.463235398333844,0.7738800114327989,4.475158095790383,TOT,LEE,BOU,CHE,AVL,2.21988899359997,5.52301769053178,1.5277862601057908,5.648825705723347,1.8996163666906656,4.529150772972468,2.321808201895591,3.7605344155289604,2.60467952121997,7.045408081706596,10.573779343511987,26.506936666463154
Ugarte,MID,MUN,5.0,0.0,0,0,0.0,0.0,23,24,0,0,0.0,0,0,0.0,0.0,0.0,0.0,0,0.0,0,0,0,0,0,0.0,0.0,0.0,0.0,433,0.0,0.0,0.0,0.0,TOT(H) (2),15,0,False,0.0,0.0,0.7738800114327989,0.0,TOT,LEE,BOU,CHE,AVL,0.0,0.0,0.0,0.0,0.0,0.0,0.0,0.0,0.0,0.0,0.0,0.0
J.Fletcher,MID,MUN,4.9,0.0,0,0,0.0,0.0,44,58,0,0,0.0,0,0,0.0,0.0,0.0,0.0,0,0.0,0,0,0,0,0,0.0,0.0,0.0,0.0,434,0.0,0.0,0.0,0.0,TOT(H) (2),15,0,False,0.0,0.0,0.7738800114327989,0.0,TOT,LEE,BOU,CHE,AVL,0.0,0.0,0.0,0.0,0.0,0.0,0.0,0.0,0.0,0.0,0.0,0.0
Lacey,MID,MUN,4.9,0.1,1,0,1.0,0.0,373,363,10,0,0.0,0,0,0.0,0.0,0.0,0.0,0,0.0,0,0,1,0,3,0.2,0.6,0.0,0.1,435,9.0,0.0,0.0,0.0,TOT(H) (2),15,0,False,0.0033530064789668774,0.042759601540330705,0.7738800114327989,0.05525352885283018,TOT,LEE,BOU,CHE,AVL,0.003770564890722495,0.0681911590130297,0.002595002385025203,0.06974447548778025,0.0032265697963888263,0.05592016137902587,0.003943678496671996,0.0464302695866642,0.004424146064335001,0.08698768856651638,0.01795996163314352,0.3272737540330164
Collyer,MID,MUN,5.0,0.0,0,0,0.0,0.0,0,49,0,0,0.0,0,0,0.0,0.0,0.0,0.0,0,0.0,0,0,0,0,0,0.0,0.0,0.0,0.0,436,0.0,0.0,0.0,0.0,TOT(H) (2),15,0,False,0.0,0.0,0.7738800114327989,0.0,TOT,LEE,BOU,CHE,AVL,0.0,0.0,0.0,0.0,0.0,0.0,0.0,0.0,0.0,0.0,0.0,0.0
Bendito Mantato,MID,MUN,4.4,0.2,0,0,0.0,0.0,428,870,0,0,0.0,0,0,0.0,0.0,0.0,0.0,0,0.0,0,0,0,0,0,0.0,0.0,0.0,0.0,437,0.0,0.0,0.0,0.0,TOT(H) (2),15,0,False,0.0,0.0,0.7738800114327989,0.0,TOT,LEE,BOU,CHE,AVL,0.0,0.0,0.0,0.0,0.0,0.0,0.0,0.0,0.0,0.0,0.0,0.0
Fletcher,MID,MUN,4.4,0.3,0,0,0.0,0.0,2574,2129,0,0,0.0,0,0,0.0,0.0,0.0,0.0,0,0.0,0,0,0,0,0,0.0,0.0,0.0,0.0,438,0.0,0.0,0.0,0.0,TOT(H) (2),15,0,False,0.0,0.0,0.7738800114327989,0.0,TOT,LEE,BOU,CHE,AVL,0.0,0.0,0.0,0.0,0.0,0.0,0.0,0.0,0.0,0.0,0.0,0.0
Šeško,FWD,MUN,7.0,1.6,8,0,2.0,2.0,6643,24232,76,0,0.0,1,0,0.39,0.01,0.46,0.47,0,0.0,3,0,5,0,39,34.6,11.9,36.0,8.2,439,5.92,2.37,2.0,0.4,TOT(H) (2),15,1,False,1.0074155169812886,0.7125236066701384,0.7738800114327989,0.9207158682790342,TOT,LEE,BOU,CHE,AVL,1.132871529633636,1.1363017617728028,0.779672119835372,1.1621854140291388,0.9694274377026548,0.9318242835770713,1.184883756251178,0.773689696648678,1.3292409133596568,1.4495172864240318,5.396095756782498,5.453518442451722
Zirkzee,FWD,MUN,5.3,0.4,2,1,1.0,0.7,1966,3148,20,0,0.0,0,0,0.0,0.01,0.0,0.04,0,0.0,0,0,4,0,8,7.6,14.9,0.0,2.2,440,18.0,0.09,0.02,0.01,TOT(H) (2),15,0,False,0.09941816571632948,0.27197096785732566,0.7738800114327989,0.3514381607476661,TOT,LEE,BOU,CHE,AVL,0.11179896236452391,0.4337275102667631,0.0769429998919052,0.4436073260229547,0.09566926062472922,0.3556782538922107,0.11693185944420442,0.295318125110479,0.13117794115113876,0.5532821868976684,0.5325210234765015,2.081613402190076
Obi,FWD,MUN,4.5,0.9,0,0,0.0,0.0,0,11360,0,0,0.0,0,0,0.0,0.0,0.0,0.0,0,0.0,0,0,0,0,0,0.0,0.0,0.0,0.0,441,0.0,0.0,0.0,0.0,TOT(H) (2),15,0,False,0.0,0.0,0.7738800114327989,0.0,TOT,LEE,BOU,CHE,AVL,0.0,0.0,0.0,0.0,0.0,0.0,0.0,0.0,0.0,0.0,0.0,0.0
N.Gonzalez,MID,NEW,5.5,0.2,5,0,1.7,1.0,606,1842,164,3,1.65,0,0,0.0,0.21,0.0,0.12,1,0.55,2,0,12,0,23,13.4,42.0,2.0,5.8,405,6.59,1.28,2.34,0.21,COV(A) (2),14,0,False,0.5958470299593412,0.6763884800510319,1.0593332586691953,0.6385039594629135,COV,AVL,CRY,EVE,FUL,0.6342913271461291,1.0965038750777452,0.7861942137828956,1.005220566494235,0.8001951147666078,0.7303801169107649,0.5479215449701687,0.6218281095417384,0.7332723090218456,0.5772288027700043,3.5018745096876467,4.031161470794488
Pope,GKP,NEW,4.9,0.9,0,0,0.0,0.0,868,3157,0,0,0.0,0,0,0.0,0.0,0.0,0.0,0,0.0,0,0,0,0,0,0.0,0.0,0.0,0.0,442,0.0,0.0,0.0,0.0,COV(A) (2),14,0,False,0.0,0.0,1.0593332586691953,0.0,COV,AVL,CRY,EVE,FUL,0.0,0.0,0.0,0.0,0.0,0.0,0.0,0.0,0.0,0.0,0.0,0.0
Gillespie,GKP,NEW,4.5,0.0,0,0,0.0,0.0,43,89,0,0,0.0,0,0,0.0,0.0,0.0,0.0,0,0.0,0,0,0,0,0,0.0,0.0,0.0,0.0,443,0.0,0.0,0.0,0.0,COV(A) (2),14,0,False,0.0,0.0,1.0593332586691953,0.0,COV,AVL,CRY,EVE,FUL,0.0,0.0,0.0,0.0,0.0,0.0,0.0,0.0,0.0,0.0,0.0,0.0
Jaouen,GKP,NEW,4.4,0.0,0,0,0.0,0.0,20,118,0,0,0.0,0,0,0.0,0.0,0.0,0.0,0,0.0,0,0,0,0,0,0.0,0.0,0.0,0.0,444,0.0,0.0,0.0,0.0,COV(A) (2),14,0,False,0.0,0.0,1.0593332586691953,0.0,COV,AVL,CRY,EVE,FUL,0.0,0.0,0.0,0.0,0.0,0.0,0.0,0.0,0.0,0.0,0.0,0.0
Thiaw,DEF,NEW,5.0,2.2,14,4,2.8,1.7,8663,10089,450,5,1.0,0,0,0.0,0.08,0.0,0.02,1,0.2,9,1,45,0,32,106.2,16.3,4.0,12.7,445,9.0,1.83,9.14,0.08,COV(A) (2),14,0,False,0.2642006649277513,3.36692398061657,1.0593332586691953,3.1783425594003565,COV,AVL,CRY,EVE,FUL,0.2812470012670002,5.458172781948792,0.3486012744881272,5.003783078746494,0.3548093231373531,3.6356833434047435,0.24295033663126156,3.0953335776499116,0.32513551612382585,2.8733273195343134,1.5527434516475678,20.066300101284256
Schär,DEF,NEW,4.9,0.2,2,1,1.0,0.3,561,904,25,0,0.0,0,0,0.0,0.01,0.0,0.04,0,0.0,2,0,7,0,0,25.0,10.5,0.0,3.6,446,25.2,6.73,1.87,0.01,COV(A) (2),14,0,False,0.07482945153723904,0.6496125719625603,1.0593332586691953,0.613227770058543,COV,AVL,CRY,EVE,FUL,0.07965747874653512,1.0530970344178932,0.0987342033460154,0.9654273200228284,0.10049250654962433,0.7014668644577157,0.0688107293215041,0.5972120600391487,0.09208800573411223,0.5543782873859723,0.4397829236977912,3.8715815663235578
Botman,DEF,NEW,5.0,0.7,15,4,3.0,2.3,4809,3049,450,5,1.0,0,0,0.06,0.17,0.01,0.04,1,0.2,9,0,59,0,43,136.0,4.1,23.0,16.4,447,11.8,1.83,9.14,0.23,COV(A) (2),14,0,False,0.6313873018193245,4.366320044209447,1.0593332586691953,4.12176244678158,COV,AVL,CRY,EVE,FUL,0.6721246720681324,7.078309269761766,0.8330880551342513,6.489044148126541,0.847924062784988,4.714854611537595,0.580603222795282,4.0141141057578515,0.7770095366989095,3.726210256330113,3.7107495494815628,26.022532391513867
Burn,DEF,NEW,4.8,0.7,0,0,0.0,0.0,113,5830,0,0,0.0,0,0,0.0,0.0,0.0,0.0,0,0.0,0,0,0,0,0,0.0,0.0,0.0,0.0,448,0.0,0.0,0.0,0.0,COV(A) (2),14,0,False,0.0,0.0,1.0593332586691953,0.0,COV,AVL,CRY,EVE,FUL,0.0,0.0,0.0,0.0,0.0,0.0,0.0,0.0,0.0,0.0,0.0,0.0
Hall,DEF,NEW,5.3,17.3,31,13,6.2,5.7,247484,20754,449,5,1.0,1,1,0.25,0.79,0.05,0.21,1,0.2,9,0,46,6,127,175.6,89.0,38.0,30.2,449,9.22,1.83,9.12,1.04,COV(A) (2),14,2,False,2.529919902649119,4.436820827651518,1.0593332586691953,4.188314481153312,COV,AVL,CRY,EVE,FUL,2.693151382720185,7.192599185276612,3.338119162786878,6.593819494780256,3.397565893697209,4.790983008119445,2.3264320404599044,4.0789279962689475,3.1134168928935164,3.7863755075442436,14.868685372557692,26.442705191989507
Livramento,DEF,NEW,4.9,0.1,4,0,2.0,1.3,451,1500,33,0,0.0,0,1,0.0,0.01,0.0,0.03,0,0.0,1,0,3,0,12,5.0,3.8,4.0,1.3,450,8.18,0.49,0.18,0.01,COV(A) (2),14,1,False,0.0812834961953772,0.1935881092478175,1.0593332586691953,0.18274523872781614,COV,AVL,CRY,EVE,FUL,0.08652794103943298,0.3138286919717948,0.10725003427341111,0.2877026362571358,0.10915999123320173,0.20904097280646636,0.07474565882956061,0.17797246930380545,0.10003060172108227,0.16520777013114657,0.47771422709668865,1.153752540470349
A.Murphy,DEF,NEW,4.0,0.1,0,0,0.0,0.0,0,294,0,0,0.0,0,0,0.0,0.0,0.0,0.0,0,0.0,0,0,0,0,0,0.0,0.0,0.0,0.0,451,0.0,0.0,0.0,0.0,COV(A) (2),14,0,False,0.0,0.0,1.0593332586691953,0.0,COV,AVL,CRY,EVE,FUL,0.0,0.0,0.0,0.0,0.0,0.0,0.0,0.0,0.0,0.0,0.0,0.0
Barnes,MID,NEW,6.1,5.7,28,9,5.6,7.7,161159,18311,450,5,1.0,1,3,0.62,0.48,0.12,0.22,1,0.2,9,0,33,3,105,105.2,80.9,96.0,28.2,453,6.6,1.83,9.14,1.1,COV(A) (2),14,4,False,3.1229734003027314,2.874588995422955,1.0593332586691953,2.7135832580525268,COV,AVL,CRY,EVE,FUL,3.324468937699073,4.660040887300893,4.120627432318395,4.272095199195504,4.1940094232555465,3.104048499449622,2.87178474399944,2.6427124255553234,3.8432513734440366,2.453169462848675,18.35414191071649,17.132066474350015
Elanga,MID,NEW,6.1,4.5,18,0,6.0,0.3,330,167114,232,3,1.16,2,0,0.42,0.34,0.16,0.29,1,0.39,3,0,9,2,71,82.6,50.6,61.0,19.4,454,3.49,1.56,4.01,0.76,COV(A) (2),14,2,False,2.071790847517099,1.5841527351919515,1.0593332586691953,1.4954243362301958,COV,AVL,CRY,EVE,FUL,2.205463651183251,2.568094614387769,2.7336378207632435,2.354302234365229,2.7823196754282358,1.7106052129195195,1.905151464972621,1.4563682404458813,2.549625629035785,1.351913306788855,12.176198241383137,9.441283608907254
J.Ramsey,MID,NEW,4.9,0.2,7,0,2.3,2.0,65,4739,69,0,0.0,1,0,0.17,0.16,0.22,0.43,0,0.0,1,0,11,0,26,40.4,6.3,21.0,6.7,456,14.35,2.5,1.92,0.33,COV(A) (2),14,1,False,0.7549840798554852,1.0373591252947127,1.0593332586691953,0.9792566378949643,COV,AVL,CRY,EVE,FUL,0.8036959654198698,1.6816789970271129,0.996168622542415,1.541680200567639,1.0139088424560008,1.1201646709802582,0.6942587990923214,0.9536813278505488,0.9291124930976692,0.8852805504482104,4.437144722608275,6.18248574687377
J.Murphy,MID,NEW,5.9,0.1,3,1,0.6,0.7,962,787,181,2,0.99,0,0,0.03,0.41,0.01,0.21,0,0.0,5,0,18,0,21,13.0,26.9,10.0,4.9,457,8.95,2.47,4.96,0.44,COV(A) (2),14,0,False,0.9630377612505887,0.9091972512468979,1.0593332586691953,0.8582731107575078,COV,AVL,CRY,EVE,FUL,1.0251733565192986,1.473913791564045,1.2706863968111262,1.351211327378688,1.293315353004405,0.9817724787544484,0.8855781962109327,0.8358575354517394,1.185151368322898,0.775907420509926,5.65990467086866,5.418662553658846
Joelinton,MID,NEW,5.4,0.0,0,0,0.0,0.0,19,81,0,0,0.0,0,0,0.0,0.0,0.0,0.0,0,0.0,0,0,0,0,0,0.0,0.0,0.0,0.0,458,0.0,0.0,0.0,0.0,COV(A) (2),14,0,False,0.0,0.0,1.0593332586691953,0.0,COV,AVL,CRY,EVE,FUL,0.0,0.0,0.0,0.0,0.0,0.0,0.0,0.0,0.0,0.0,0.0,0.0
L.Miley,MID,NEW,5.5,0.1,12,4,2.4,2.0,486,479,396,5,1.14,0,0,0.05,0.14,0.01,0.04,1,0.23,8,1,52,0,68,58.4,57.3,5.0,12.0,459,11.82,1.81,7.95,0.19,COV(A) (2),14,0,False,0.6691178973279452,2.935964421480746,1.0593332586691953,2.7715210463316327,COV,AVL,CRY,EVE,FUL,0.7122896612278667,4.759537544165655,0.882871933176716,4.36330881736059,0.8985945145707316,3.1703231214777134,0.6152990509932319,2.69913704880579,0.8234422610363347,2.5055471492636845,3.9324974210048813,17.497853681073433
Willock,MID,NEW,5.0,0.6,22,10,4.4,4.3,9714,2750,284,3,0.95,2,0,0.81,0.3,0.26,0.36,1,0.32,5,0,18,3,80,92.2,41.0,68.0,19.4,460,5.7,1.64,5.19,1.11,COV(A) (2),14,2,False,2.5600521349276195,2.084764734529755,1.0593332586691953,1.967997056137721,COV,AVL,CRY,EVE,FUL,2.7252277591067715,3.3796445052772537,3.3778773313680586,3.098291069790385,3.438032093667886,2.251177770535655,2.3541406610173694,1.9165987475335389,3.1504987787264396,1.7791347535649096,15.045776623886525,12.424846846701742
Touré,MID,NEW,5.8,0.1,8,1,2.7,2.3,330,861,50,0,0.0,1,0,0.28,0.01,0.5,0.52,0,0.0,1,0,4,0,29,37.6,5.3,21.0,6.4,461,7.2,1.37,0.76,0.29,COV(A) (2),14,1,False,0.6565203976659951,0.7172616812220443,1.0593332586691953,0.6770878525263296,COV,AVL,CRY,EVE,FUL,0.6988793656695479,1.162764056604589,0.8662500808482199,1.0659646265238472,0.8816766528026627,0.7745159564915173,0.6037148001192988,0.6594043045312986,0.807939292655926,0.6121099246003775,3.8584601920956554,4.274758868751629
Steur,MID,NEW,4.9,0.1,8,3,1.6,2.0,264,387,223,2,0.81,0,0,0.0,0.06,0.0,0.02,1,0.4,5,0,21,0,42,35.4,52.2,0.0,8.8,462,8.48,1.71,4.23,0.06,COV(A) (2),14,0,False,0.38862259260203047,1.3610539742462522,1.0593332586691953,1.2848213374855222,COV,AVL,CRY,EVE,FUL,0.4136966832533037,2.2064257463970747,0.5127705909180624,2.022742088862636,0.5219022407635368,1.4696979474825433,0.357364693692183,1.2512655740765461,0.4782539334546857,1.161521195630425,2.2839881420817716,8.111652552449225
Woltemade,FWD,NEW,5.9,0.5,4,0,4.0,0.0,0,3751,19,0,0.0,0,1,0.02,0.01,0.09,0.14,0,0.0,0,0,0,0,18,18.2,10.5,11.0,4.0,463,0.0,1.8,0.38,0.03,COV(A) (2),14,1,False,0.2227073575669514,0.2701430327745959,1.0593332586691953,0.25501232078181657,COV,AVL,CRY,EVE,FUL,0.23707652852778063,0.4379330680502574,0.29385266197930576,0.4014753953521828,0.299085722655721,0.29170677159618624,0.20479444102059965,0.2483521472208175,0.27407225362928417,0.23053961441415022,1.3088816078126913,1.6100069966335941
Wissa,FWD,NEW,6.2,18.7,15,0,3.0,1.0,88188,141295,441,5,1.02,1,1,2.35,0.06,0.48,0.49,1,0.2,8,0,27,2,54,66.6,60.6,106.0,23.3,464,5.51,1.63,7.97,2.41,COV(A) (2),14,2,False,4.790582372215563,2.062902296852955,1.0593332586691953,1.9473591336540397,COV,AVL,CRY,EVE,FUL,5.099672731242459,3.3442029678497556,6.320964865668989,3.0658000196992305,6.433531457554634,2.2275701984712533,4.405263704797386,1.896499827029285,5.895475215968701,1.7604773856498601,28.15490797523217,12.294550398699384
Osula,FWD,NEW,5.8,0.3,4,0,4.0,0.0,129,2392,55,1,1.64,0,1,0.06,0.14,0.1,0.33,0,0.0,1,0,5,0,18,28.2,13.7,8.0,5.0,465,8.18,2.42,1.48,0.2,COV(A) (2),14,1,False,0.4719700772420823,0.617528254485665,1.0593332586691953,0.5829404952898816,COV,AVL,CRY,EVE,FUL,0.5024217821268141,1.0010846488137117,0.6227439680813907,0.9177449352085979,0.6338340734045509,0.6668214672622919,0.43400832915088594,0.5677158000184435,0.580824558867292,0.5269975842677233,2.7738327116309334,3.6803644355707683
Neave,FWD,NEW,4.5,0.5,0,0,0.0,0.0,0,3906,0,0,0.0,0,0,0.0,0.0,0.0,0.0,0,0.0,0,0,0,0,0,0.0,0.0,0.0,0.0,466,0.0,0.0,0.0,0.0,COV(A) (2),14,0,False,0.0,0.0,1.0593332586691953,0.0,COV,AVL,CRY,EVE,FUL,0.0,0.0,0.0,0.0,0.0,0.0,0.0,0.0,0.0,0.0,0.0,0.0
Bamba,MID,NEW,4.9,0.1,3,1,1.0,0.7,129,494,27,0,0.0,0,0,0.0,0.0,0.0,0.0,0,0.0,1,0,8,0,12,11.6,0.4,0.0,1.2,559,26.67,4.3,1.29,0.0,COV(A) (2),14,0,False,0.002235337652644585,0.49050705011088513,1.0593332586691953,0.46303374891400334,COV,AVL,CRY,EVE,FUL,0.0023795625639224834,0.7951686006819044,0.002949430709556668,0.7289712780807257,0.00300195550126701,0.529660996855702,0.002055543786549691,0.4509406660272128,0.002750892627777326,0.4185978999293289,0.013137385189073177,2.923339441574874
Horníček,GKP,NEW,5.0,1.5,14,3,2.8,2.0,7232,5007,450,5,1.0,0,0,0.0,0.0,0.0,0.0,1,0.2,9,0,0,0,72,155.6,0.0,0.0,15.5,567,0.0,1.83,9.14,0.0,COV(A) (2),14,0,False,0.0,2.3095744999850067,1.0593332586691953,2.1802152260247616,COV,AVL,CRY,EVE,FUL,0.0,3.744087109264838,0.0,3.432394039384596,0.0,2.4939326187014608,0.0,2.123274401514242,0.0,1.9709870331231745,0.0,13.764675201988311
Dedić,DEF,NEW,4.5,1.8,13,0,3.2,0.3,261,37632,327,4,1.1,0,1,0.14,0.08,0.04,0.06,1,0.28,7,0,24,2,36,70.0,40.7,15.0,12.6,593,6.61,2.03,7.38,0.22,COV(A) (2),14,1,False,0.7114184233381307,1.9939955873472586,1.0593332586691953,1.8823118891332158,COV,AVL,CRY,EVE,FUL,0.757319434698099,3.2324972303626947,0.9386856355483632,2.9633937197584865,0.9554021725156204,2.1531631202476422,0.6541972386138585,1.8331514256735493,0.8754989178974822,1.7016725144790905,4.1811033992734234,11.883878010521462
Shahar,DEF,NEW,4.0,0.2,0,0,0.0,0.0,0,1869,0,0,0.0,0,0,0.0,0.0,0.0,0.0,0,0.0,0,0,0,0,0,0.0,0.0,0.0,0.0,609,0.0,0.0,0.0,0.0,COV(A) (2),14,0,False,0.0,0.0,1.0593332586691953,0.0,COV,AVL,CRY,EVE,FUL,0.0,0.0,0.0,0.0,0.0,0.0,0.0,0.0,0.0,0.0,0.0,0.0
Fernandez-Pardo,FWD,NEW,6.0,0.1,4,2,1.3,1.3,2031,1426,157,2,1.15,0,0,0.05,0.01,0.03,0.04,0,0.0,4,0,5,0,16,3.4,12.5,15.0,3.1,634,2.87,1.69,2.94,0.06,COV(A) (2),14,0,False,0.3185260600624461,0.24942126477083104,1.0593332586691953,0.23545117905971402,COV,AVL,CRY,EVE,FUL,0.33907749339863796,0.4043406879540205,0.42028126812555616,0.3706795613221073,0.4277658264155766,0.2693309213510052,0.2929062027121045,0.22930188512414282,0.3919904401664279,0.21285569209899113,1.8720212308183033,1.4865087478502672
Miley,MID,NEW,4.5,0.0,0,0,0.0,0.0,1412,647,0,0,0.0,0,0,0.0,0.0,0.0,0.0,0,0.0,0,0,0,0,0,0.0,0.0,0.0,0.0,659,0.0,0.0,0.0,0.0,COV(A) (2),14,0,False,0.0,0.0,1.0593332586691953,0.0,COV,AVL,CRY,EVE,FUL,0.0,0.0,0.0,0.0,0.0,0.0,0.0,0.0,0.0,0.0,0.0,0.0
Pivas,DEF,NEW,4.0,0.0,0,0,0.0,0.0,396,59,0,0,0.0,0,0,0.0,0.0,0.0,0.0,0,0.0,0,0,0,0,0,0.0,0.0,0.0,0.0,663,0.0,0.0,0.0,0.0,COV(A) (2),14,0,False,0.0,0.0,1.0593332586691953,0.0,COV,AVL,CRY,EVE,FUL,0.0,0.0,0.0,0.0,0.0,0.0,0.0,0.0,0.0,0.0,0.0,0.0
Salia,FWD,NEW,4.5,0.1,0,0,0.0,0.0,9752,1588,0,0,0.0,0,0,0.0,0.0,0.0,0.0,0,0.0,0,0,0,0,0,0.0,0.0,0.0,0.0,664,0.0,0.0,0.0,0.0,COV(A) (2),14,0,False,0.0,0.0,1.0593332586691953,0.0,COV,AVL,CRY,EVE,FUL,0.0,0.0,0.0,0.0,0.0,0.0,0.0,0.0,0.0,0.0,0.0,0.0
Mills,MID,NEW,4.5,0.0,0,0,0.0,0.0,163,29,0,0,0.0,0,0,0.0,0.0,0.0,0.0,0,0.0,0,0,0,0,0,0.0,0.0,0.0,0.0,665,0.0,0.0,0.0,0.0,COV(A) (2),14,0,False,0.0,0.0,1.0593332586691953,0.0,COV,AVL,CRY,EVE,FUL,0.0,0.0,0.0,0.0,0.0,0.0,0.0,0.0,0.0,0.0,0.0,0.0
Thompson,MID,NEW,4.5,0.0,0,0,0.0,0.0,235,35,0,0,0.0,0,0,0.0,0.0,0.0,0.0,0,0.0,0,0,0,0,0,0.0,0.0,0.0,0.0,666,0.0,0.0,0.0,0.0,COV(A) (2),14,0,False,0.0,0.0,1.0593332586691953,0.0,COV,AVL,CRY,EVE,FUL,0.0,0.0,0.0,0.0,0.0,0.0,0.0,0.0,0.0,0.0,0.0,0.0
Delap,FWD,NFO,5.6,2.7,9,1,2.2,2.7,25052,28775,277,3,0.97,1,0,0.89,0.35,0.29,0.4,1,0.32,3,0,17,0,49,40.0,68.6,71.0,17.9,167,5.52,0.85,2.62,1.24,CRY(A) (3),16,1,False,2.9366277568712054,1.2701678964905787,0.5934422864467278,2.140339381771709,CRY,ARS,IPS,BRE,MCI,3.943755807756075,2.4483189253862956,1.9551329857741075,1.6359766388608417,3.5837730095141658,2.511612853842651,2.954047576256254,1.7664048382237785,2.491704923296686,1.6031424443798667,14.928414302597288,9.965455700693433
Muñoz,DEF,NFO,5.4,5.7,5,2,1.2,1.7,7894,30135,257,3,1.05,0,0,0.6,0.21,0.21,0.28,0,0.0,4,0,15,0,29,39.2,62.3,79.0,18.1,201,5.25,0.91,2.59,0.81,CRY(A) (3),16,0,False,2.369208737721539,1.1787114838983876,0.5934422864467278,1.9862276599060629,CRY,ARS,IPS,BRE,MCI,3.1817382020289706,2.2720316279226567,1.5773596576771622,1.5181807514917478,2.8913117463678466,2.330768178058021,2.383262677040208,1.639217676482571,2.0102544703820273,1.487710730791169,12.043926753496216,9.247908964746165
Sels,GKP,NFO,5.0,1.6,14,2,2.8,3.7,2016,6139,450,5,1.0,0,0,0.0,0.01,0.0,0.0,1,0.2,5,0,0,0,67,82.0,0.0,0.0,8.2,467,0.0,0.95,4.77,0.01,CRY(A) (3),16,0,False,0.016151838155318687,1.217127949863564,0.5934422864467278,2.0509626254495488,CRY,ARS,IPS,BRE,MCI,0.02169117464136533,2.3460814924554256,0.01075348807299766,1.5676611713955013,0.01971122199592111,2.406732379313569,0.016247649448644458,1.6926429217086851,0.013704704165426143,1.5361980743321382,0.0821082383243547,9.54931603920532
John,GKP,NFO,4.5,0.1,0,0,0.0,0.0,62,153,0,0,0.0,0,0,0.0,0.0,0.0,0.0,0,0.0,0,0,0,0,0,0.0,0.0,0.0,0.0,468,0.0,0.0,0.0,0.0,CRY(A) (3),16,0,False,0.0,0.0,0.5934422864467278,0.0,CRY,ARS,IPS,BRE,MCI,0.0,0.0,0.0,0.0,0.0,0.0,0.0,0.0,0.0,0.0,0.0,0.0
N.Williams,DEF,NFO,5.0,8.7,19,2,3.8,3.7,11106,46998,450,5,1.0,0,1,0.41,0.61,0.08,0.2,1,0.2,5,0,29,1,85,90.4,123.7,42.0,25.6,469,5.8,0.95,4.77,1.02,CRY(A) (3),16,1,False,2.694310648319365,2.495748256358097,0.5934422864467278,4.205545026630211,CRY,ARS,IPS,BRE,MCI,3.618335092810523,4.810692905972608,1.7938043424557348,3.21452451692461,3.288056430748038,4.9350589146077315,2.7102930637791105,3.470802409035852,2.286100814650335,3.1500087282235816,13.696589744443742,19.581087474764384
Morato,DEF,NFO,5.0,0.0,0,0,0.0,0.0,0,117,0,0,0.0,0,0,0.0,0.0,0.0,0.0,0,0.0,0,0,0,0,0,0.0,0.0,0.0,0.0,470,0.0,0.0,0.0,0.0,CRY(A) (3),16,0,False,0.0,0.0,0.5934422864467278,0.0,CRY,ARS,IPS,BRE,MCI,0.0,0.0,0.0,0.0,0.0,0.0,0.0,0.0,0.0,0.0,0.0,0.0
Milenković,DEF,NFO,5.4,1.0,12,0,4.0,2.3,66,12242,270,3,1.0,0,0,0.11,0.03,0.04,0.05,1,0.33,3,0,31,0,34,53.2,1.4,16.0,7.0,471,10.33,1.09,3.28,0.14,CRY(A) (3),16,0,False,0.3812652318818537,2.023169765354978,0.5934422864467278,3.4092106537753337,CRY,ARS,IPS,BRE,MCI,0.5120216442180393,3.899771706932512,0.25383681313944584,2.6058432760860324,0.4652847281332406,4.000588585344609,0.3835268639397951,2.8135940704730342,0.3235004685694431,2.5535437732193365,1.938170517999964,15.873341412055524
Murillo,DEF,NFO,5.5,2.1,23,4,4.6,6.0,8469,8199,449,5,1.0,0,1,0.42,0.37,0.08,0.15,1,0.2,5,0,53,0,76,124.2,62.6,27.0,21.4,472,10.62,0.96,4.77,0.79,CRY(A) (3),16,1,False,1.8141909136729457,3.952426382911928,0.5934422864467278,6.660169780918923,CRY,ARS,IPS,BRE,MCI,2.436374830087044,7.618520623309699,1.2078427337323592,5.090726389107041,2.2139845321948632,7.815474579869486,1.8249525357315242,5.496584431702901,1.539326331307046,4.9885550644445065,9.222480963052837,31.00986108843363
Aina,DEF,NFO,4.4,2.4,8,0,2.0,1.0,1074,20445,306,4,1.18,0,0,0.04,0.53,0.01,0.17,1,0.29,3,0,22,0,45,58.2,53.3,15.0,12.7,473,6.47,1.09,3.72,0.57,CRY(A) (3),16,0,False,1.37284406341132,1.7392659131880042,0.5934422864467278,2.9308088636587826,CRY,ARS,IPS,BRE,MCI,1.8436663399212352,3.352531317554878,0.9140050884622049,2.2401750277300043,1.67537798728946,3.439200940193003,1.380987654498922,2.418772929548512,1.1648470950111776,2.1952145186464955,6.978884165183,13.645894733672893
Jair Cunha,DEF,NFO,4.5,0.2,11,1,2.8,3.0,256,646,360,4,1.0,0,0,0.05,0.02,0.01,0.01,1,0.25,4,0,36,0,40,69.6,14.2,2.0,8.6,474,9.0,0.99,3.95,0.07,CRY(A) (3),16,0,False,0.2015162446367157,2.4655503392505196,0.5934422864467278,4.154659004859855,CRY,ARS,IPS,BRE,MCI,0.2706270341154774,4.7524847492667055,0.1341644531339377,3.1756295904611465,0.24592442021904828,4.87534596092954,0.20271162140059432,3.4288065854675764,0.17098490529168756,3.1118944263420887,1.0244124341607452,19.344161312467058
Savona,DEF,NFO,4.5,0.0,0,0,0.0,0.0,20,20,0,0,0.0,0,0,0.0,0.0,0.0,0.0,0,0.0,0,0,0,0,0,0.0,0.0,0.0,0.0,475,0.0,0.0,0.0,0.0,CRY(A) (3),16,0,False,0.0,0.0,0.5934422864467278,0.0,CRY,ARS,IPS,BRE,MCI,0.0,0.0,0.0,0.0,0.0,0.0,0.0,0.0,0.0,0.0,0.0,0.0
O.Richards,DEF,NFO,4.0,0.2,0,0,0.0,0.0,300,733,0,0,0.0,0,0,0.0,0.0,0.0,0.0,0,0.0,0,0,0,0,0,0.0,0.0,0.0,0.0,476,0.0,0.0,0.0,0.0,CRY(A) (3),16,0,False,0.0,0.0,0.5934422864467278,0.0,CRY,ARS,IPS,BRE,MCI,0.0,0.0,0.0,0.0,0.0,0.0,0.0,0.0,0.0,0.0,0.0,0.0
Abbott,DEF,NFO,4.0,0.1,0,0,0.0,0.0,0,818,0,0,0.0,0,0,0.0,0.0,0.0,0.0,0,0.0,0,0,0,0,0,0.0,0.0,0.0,0.0,477,0.0,0.0,0.0,0.0,CRY(A) (3),16,0,False,0.0,0.0,0.5934422864467278,0.0,CRY,ARS,IPS,BRE,MCI,0.0,0.0,0.0,0.0,0.0,0.0,0.0,0.0,0.0,0.0,0.0,0.0
Netz,DEF,NFO,4.4,0.0,3,1,1.0,0.3,55,120,27,0,0.0,0,0,0.0,0.02,0.0,0.07,0,0.0,1,0,1,0,8,6.0,17.5,2.0,2.6,478,3.33,0.43,0.13,0.02,CRY(A) (3),16,0,False,0.15204767378380546,0.12884913945750961,0.5934422864467278,0.21712160120742618,CRY,ARS,IPS,BRE,MCI,0.20419302212806226,0.24836384821658003,0.10122952142278512,0.1659577309993616,0.18555445040347177,0.25478454916250975,0.15294960730569407,0.17918870723119673,0.1290112226367315,0.16262694479751907,0.7729378238967447,1.0109217804071673
Bindon,DEF,NFO,4.0,0.1,0,0,0.0,0.0,0,527,0,0,0.0,0,0,0.0,0.0,0.0,0.0,0,0.0,0,0,0,0,0,0.0,0.0,0.0,0.0,479,0.0,0.0,0.0,0.0,CRY(A) (3),16,0,False,0.0,0.0,0.5934422864467278,0.0,CRY,ARS,IPS,BRE,MCI,0.0,0.0,0.0,0.0,0.0,0.0,0.0,0.0,0.0,0.0,0.0,0.0
Gibbs-White,MID,NFO,8.0,15.7,28,2,5.6,4.3,66432,82699,450,5,1.0,1,2,1.56,1.42,0.31,0.59,1,0.2,5,0,21,6,116,123.4,204.7,78.0,40.6,480,4.2,0.95,4.77,2.98,CRY(A) (3),16,3,False,6.412261415826368,2.66724006678276,0.5934422864467278,4.494523103085599,CRY,ARS,IPS,BRE,MCI,8.611371713811847,5.1412528627873995,4.269122560104765,3.4354060211618584,7.825332760755312,5.274164505751544,6.450298390533853,3.7092936860448567,5.440751999260177,3.3664571213178576,32.59687742446595,20.926574197063513
Hudson-Odoi,MID,NFO,5.8,0.1,1,0,1.0,0.0,262,1166,1,0,0.0,0,0,0.0,0.0,0.0,0.0,0,0.0,0,0,0,0,2,0.0,0.3,0.0,0.0,482,0.0,0.0,0.0,0.0,CRY(A) (3),16,0,False,0.0016765032394834387,0.0,0.5934422864467278,0.0,CRY,ARS,IPS,BRE,MCI,0.002251466625950257,0.0,0.0011161737392836938,0.0,0.0020459545974002447,0.0,0.0016864481102835994,0.0,0.0014224994522950489,0.0,0.008522542525212843,0.0
Ndoye,MID,NFO,5.5,0.7,15,1,3.0,1.0,768,8115,316,5,1.42,1,0,1.25,0.93,0.36,0.62,1,0.28,3,0,20,2,44,39.0,63.6,90.0,19.0,483,5.7,1.09,3.84,2.18,CRY(A) (3),16,1,False,4.542951180044365,1.3746978630654525,0.5934422864467278,2.3164811380337262,CRY,ARS,IPS,BRE,MCI,6.100974173090624,2.6498062217841687,3.0245827664346,1.770611267755091,5.544082250291681,2.7183089988063047,4.569899569688336,1.9117732097653564,3.8546573685162824,1.735074944475953,23.094196128021522,10.785574642586873
Hutchinson,MID,NFO,5.4,0.1,0,0,0.0,0.0,0,373,0,0,0.0,0,0,0.0,0.0,0.0,0.0,0,0.0,0,0,0,0,0,0.0,0.0,0.0,0.0,484,0.0,0.0,0.0,0.0,CRY(A) (3),16,0,False,0.0,0.0,0.5934422864467278,0.0,CRY,ARS,IPS,BRE,MCI,0.0,0.0,0.0,0.0,0.0,0.0,0.0,0.0,0.0,0.0,0.0,0.0
Bakwa,MID,NFO,5.5,0.0,0,0,0.0,0.0,0,34,0,0,0.0,0,0,0.0,0.0,0.0,0.0,0,0.0,0,0,0,0,0,0.0,0.0,0.0,0.0,485,0.0,0.0,0.0,0.0,CRY(A) (3),16,0,False,0.0,0.0,0.5934422864467278,0.0,CRY,ARS,IPS,BRE,MCI,0.0,0.0,0.0,0.0,0.0,0.0,0.0,0.0,0.0,0.0,0.0,0.0
McAtee,MID,NFO,5.5,0.1,12,2,2.4,2.3,351,913,416,5,1.08,0,0,0.37,0.96,0.08,0.29,2,0.43,4,0,39,0,91,62.4,174.8,38.0,27.6,486,8.44,0.98,4.55,1.33,CRY(A) (3),16,0,False,3.4469653333511476,2.4780535583966854,0.5934422864467278,4.17572797724642,CRY,ARS,IPS,BRE,MCI,4.629115665317077,4.776585396235023,2.294902923356875,3.191733740542566,4.2065737809263055,4.900069657701193,3.4674124306698335,3.4461946385384987,2.9247222333330094,3.1276753647203797,17.5227270336031,19.44225879773766
Dominguez,MID,NFO,4.9,0.1,1,0,1.0,0.0,62,295,1,0,0.0,0,0,0.0,0.0,0.0,0.0,0,0.0,0,0,0,0,3,0.2,0.0,0.0,0.0,487,0.0,0.0,0.0,0.0,CRY(A) (3),16,0,False,0.0,0.0029686047557647903,0.5934422864467278,0.005002347866950119,CRY,ARS,IPS,BRE,MCI,0.0,0.0057221499815986,0.0,0.0038235638326719547,0.0,0.005870078973935534,0.0,0.004128397370021184,0.0,0.003746824571541801,0.0,0.02329101472976907
I.Sangaré,MID,NFO,4.9,0.4,4,1,1.3,0.7,307,3067,105,1,0.86,0,0,0.09,0.02,0.08,0.1,0,0.0,1,0,8,0,15,21.6,13.7,5.0,4.1,488,6.86,0.48,0.56,0.11,CRY(A) (3),16,0,False,0.28597212051564364,0.6389372878991246,0.5934422864467278,1.0766628912219938,CRY,ARS,IPS,BRE,MCI,0.38404738513453784,1.231586988161625,0.19039305357094494,0.8229514220821947,0.3489918545445541,1.2634259687405875,0.2876684821593303,0.8885612050067778,0.24264503355835915,0.806434714936635,1.4537458089677264,5.01296029892782
Yates,MID,NFO,4.5,1.2,0,0,0.0,0.0,594,7389,0,0,0.0,0,0,0.0,0.0,0.0,0.0,0,0.0,0,0,0,0,0,0.0,0.0,0.0,0.0,489,0.0,0.0,0.0,0.0,CRY(A) (3),16,0,False,0.0,0.0,0.5934422864467278,0.0,CRY,ARS,IPS,BRE,MCI,0.0,0.0,0.0,0.0,0.0,0.0,0.0,0.0,0.0,0.0,0.0,0.0
Wood,FWD,NFO,5.8,0.9,4,1,1.0,1.0,2025,6526,62,0,0.0,0,0,0.12,0.01,0.17,0.18,0,0.0,1,0,1,0,13,1.2,4.8,3.0,0.7,490,1.45,0.77,0.53,0.13,CRY(A) (3),16,0,False,0.2388821083113523,0.05760262531915465,0.5934422864467278,0.09706525240062334,CRY,ARS,IPS,BRE,MCI,0.3208076678488024,0.11103224865821366,0.159041706453254,0.0741921990152347,0.291524606827998,0.11390265378805696,0.24029913611522244,0.08010717035068836,0.2026895386976328,0.07270315508051588,1.2143626559429097,0.4519374268927096
Igor Jesus,FWD,NFO,5.8,2.6,12,1,2.4,3.0,7368,23228,257,2,0.7,1,0,1.25,0.08,0.44,0.47,0,0.0,3,0,15,2,53,54.8,40.7,100.0,19.6,491,5.25,0.91,2.61,1.33,CRY(A) (3),16,1,False,3.1518117320782117,1.4102626548480413,0.5934422864467278,2.376410793528172,CRY,ARS,IPS,BRE,MCI,4.232737974451535,2.718359326487347,2.0983970705573487,1.81641873044016,3.8463771208532442,2.7886343380249925,3.1705080040112184,1.961232671344223,2.674286787539879,1.7799630473714294,16.022306957413225,11.064608113668154
Kalimuendo,FWD,NFO,5.4,0.1,1,0,1.0,0.0,228,425,1,0,0.0,0,0,0.0,0.0,0.0,0.0,0,0.0,0,0,0,0,3,0.0,0.0,0.0,0.0,493,0.0,0.0,0.0,0.0,CRY(A) (3),16,0,False,0.0,0.0,0.5934422864467278,0.0,CRY,ARS,IPS,BRE,MCI,0.0,0.0,0.0,0.0,0.0,0.0,0.0,0.0,0.0,0.0,0.0,0.0
Schlager,MID,NFO,5.0,0.1,13,2,2.6,2.7,221,784,376,4,0.96,0,0,0.19,0.18,0.05,0.09,1,0.24,5,0,49,0,70,68.4,25.0,31.0,12.5,558,11.73,1.06,4.43,0.37,CRY(A) (3),16,0,False,1.0286937098719855,2.9650216689152886,0.5934422864467278,4.996310065244151,CRY,ARS,IPS,BRE,MCI,1.3814882676966107,5.715243383369203,0.6848784289132724,3.818948815714755,1.2553871507446575,5.862993826363699,1.0347958311185672,4.123414420944748,0.8728383008213786,3.742302178379285,5.229387979294486,23.26290262477169
Diomande,DEF,NFO,5.4,0.5,7,2,2.3,2.3,1536,2276,163,2,1.1,0,0,0.16,0.01,0.09,0.1,0,0.0,2,0,19,0,17,32.4,1.0,19.0,5.2,581,10.49,0.8,1.45,0.17,CRY(A) (3),16,0,False,0.4475582871607511,1.2369429093406483,0.5934422864467278,2.0843524932254494,CRY,ARS,IPS,BRE,MCI,0.6010501638042595,2.384275923622792,0.29797306391220696,1.5931828452577133,0.5461867974101002,2.445914212721988,0.4502131638329407,1.7201993104240958,0.3797495903154011,1.561207525963808,2.2751727792749086,9.7047798179904
Benda,GKP,NFO,4.5,0.1,0,0,0.0,0.0,123,241,0,0,0.0,0,0,0.0,0.0,0.0,0.0,0,0.0,0,0,0,0,0,0.0,0.0,0.0,0.0,590,0.0,0.0,0.0,0.0,CRY(A) (3),16,0,False,0.0,0.0,0.5934422864467278,0.0,CRY,ARS,IPS,BRE,MCI,0.0,0.0,0.0,0.0,0.0,0.0,0.0,0.0,0.0,0.0,0.0,0.0
Van Hecke,DEF,TOT,4.9,6.5,24,6,4.8,7.3,18619,30232,450,5,1.0,1,0,0.69,0.42,0.14,0.22,2,0.4,8,0,43,2,85,171.8,74.9,70.0,31.6,112,8.6,1.56,7.78,1.11,MUN(A) (4),15,1,False,2.8022827784536926,4.26104434693829,1.1245325394910286,3.7891694524614365,MUN,COV,CHE,CRY,LEE,2.168630628627679,2.7222021502949634,2.983087224090759,6.507146786442928,3.295938258487109,3.184089104171773,3.763336690066666,4.3344038618201095,2.1687791357453623,4.782927742047843,14.379771937017575,21.530769644777617
Tosin,DEF,TOT,4.4,0.1,1,0,1.0,0.3,103,565,5,0,0.0,0,0,0.0,0.0,0.0,0.0,0,0.0,0,0,4,0,5,9.0,0.2,0.0,0.9,147,72.0,0.54,0.03,0.0,MUN(A) (4),15,0,False,0.0011176688263222925,0.2927512011476792,1.1245325394910286,0.2603314629563147,MUN,COV,CHE,CRY,LEE,0.0008649415640923787,0.18702643868005422,0.0011897812819612417,0.44706763944952127,0.0013145594988906656,0.21875996443860157,0.001500977750633505,0.2977913003225905,0.000865000795008401,0.32860672818229686,0.005735260890586192,1.4792520710730646
Marmoush,FWD,TOT,7.0,2.1,8,2,2.0,2.0,11641,21754,339,4,1.06,0,0,0.38,0.15,0.1,0.14,2,0.53,5,0,13,0,37,18.0,55.5,58.0,12.9,401,3.45,1.02,3.84,0.53,MUN(A) (4),15,0,False,1.7050387608662068,0.7844573862181881,1.1245325394910286,0.6975853153820155,MUN,COV,CHE,CRY,LEE,1.3194954157525054,0.5011568549180473,1.8150485679843287,1.1979643824873405,2.0054016416014058,0.5861901479479192,2.2897885167371714,0.7979628577910847,1.319585774367939,0.8805360117158266,8.74931991644335,3.963810254860218
Sávio,MID,TOT,6.5,0.7,8,2,2.7,2.7,2918,6886,240,3,1.12,0,0,0.41,0.7,0.15,0.41,2,0.75,3,0,11,0,66,51.4,130.0,96.0,27.8,403,4.12,1.04,2.76,1.11,MUN(A) (4),15,0,False,3.4674790893355074,1.200632386861776,1.1245325394910286,1.067672428051918,MUN,COV,CHE,CRY,LEE,2.683412757297954,0.7670335718466145,3.691202276490578,1.8335155754669865,4.078316820457095,0.8971792335062725,4.656664694680064,1.2213028615811645,2.6835965165278015,1.3476832164979746,17.793193065453494,6.066714458899012
Tonali,MID,TOT,5.3,1.8,14,2,2.8,3.3,2307,15102,427,5,1.05,0,0,0.24,0.61,0.05,0.18,2,0.42,8,0,42,0,86,63.0,89.0,28.0,18.0,455,8.85,1.63,7.72,0.85,MUN(A) (4),15,0,False,2.1158649187060994,2.6063323630176773,1.1245325394910286,2.3177029312084843,MUN,COV,CHE,CRY,LEE,1.6374255674785343,1.6650762079226085,2.252381399701879,3.9801949661938836,2.4885997191198133,1.9475963644682164,2.8415091228535596,2.651203822266664,1.6375376978469969,2.9255502522595305,10.857453507000782,13.169621613110902
Vicario,GKP,TOT,4.5,0.1,0,0,0.0,0.0,0,725,0,0,0.0,0,0,0.0,0.0,0.0,0.0,0,0.0,0,0,0,0,0,0.0,0.0,0.0,0.0,494,0.0,0.0,0.0,0.0,MUN(A) (4),15,0,False,0.0,0.0,1.1245325394910286,0.0,MUN,COV,CHE,CRY,LEE,0.0,0.0,0.0,0.0,0.0,0.0,0.0,0.0,0.0,0.0,0.0,0.0
Austin,GKP,TOT,4.0,1.0,0,0,0.0,0.0,1939,2179,0,0,0.0,0,0,0.0,0.0,0.0,0.0,0,0.0,0,0,0,0,0,0.0,0.0,0.0,0.0,495,0.0,0.0,0.0,0.0,MUN(A) (4),15,0,False,0.0,0.0,1.1245325394910286,0.0,MUN,COV,CHE,CRY,LEE,0.0,0.0,0.0,0.0,0.0,0.0,0.0,0.0,0.0,0.0,0.0,0.0
Kinsky,GKP,TOT,4.5,17.3,18,2,3.6,5.0,18115,111356,450,5,1.0,0,0,0.0,0.0,0.0,0.0,2,0.4,8,0,0,0,77,104.8,10.0,0.0,11.5,496,0.0,1.56,7.78,0.0,MUN(A) (4),15,0,True,0.05588344131611462,1.55554889202075,1.1245325394910286,1.38328490941205,MUN,COV,CHE,CRY,LEE,0.04324707820461893,0.9937748105791212,0.05948906409806208,2.375517396607437,0.06572797494453327,1.1623925673640674,0.07504888753167524,1.5823297238549905,0.04325003975042005,1.746069119206372,0.28676304452930956,7.860083617611989
Dubravka,GKP,TOT,4.0,17.1,0,0,0.0,0.0,26674,48237,0,0,0.0,0,0,0.0,0.0,0.0,0.0,0,0.0,0,0,0,0,0,0.0,0.0,0.0,0.0,497,0.0,0.0,0.0,0.0,MUN(A) (4),15,0,False,0.0,0.0,1.1245325394910286,0.0,MUN,COV,CHE,CRY,LEE,0.0,0.0,0.0,0.0,0.0,0.0,0.0,0.0,0.0,0.0,0.0,0.0
Senesi,DEF,TOT,5.8,3.5,3,0,3.0,0.0,1204,21608,90,1,1.0,0,0,0.0,0.02,0.0,0.02,0,0.0,3,0,16,0,10,36.6,2.2,0.0,3.9,498,16.0,3.87,3.87,0.02,MUN(A) (4),15,0,False,0.04459803340018259,1.1799106188580113,1.1245325394910286,1.0492454219173126,MUN,COV,CHE,CRY,LEE,0.034513526597613656,0.7537953051624638,0.04747551698871354,1.8018708482366774,0.05245450804149698,0.8816947770332083,0.05989310453969921,1.2002243409307531,0.034515890072651045,1.3244234916559416,0.22885254624017443,5.962008763019044
Pedro Porro,DEF,TOT,5.4,7.6,9,1,3.0,2.7,1708,75401,198,3,1.36,0,0,0.37,0.16,0.17,0.24,1,0.45,2,0,9,1,33,22.6,47.6,28.0,9.8,499,4.09,0.76,1.68,0.53,MUN(A) (4),15,0,False,1.334241031534837,0.6935713084625146,1.1245325394910286,0.6167641078455852,MUN,COV,CHE,CRY,LEE,1.032542464738289,0.443093559595589,1.420326815563385,1.0591699929792424,1.5692834769179038,0.5182750204954945,1.791824246280441,0.7055120559840273,1.0326131729092887,0.778518405873288,6.846590176409308,3.504569034927641
Romero,DEF,TOT,5.0,0.1,0,0,0.0,0.0,0,301,0,0,0.0,0,0,0.0,0.0,0.0,0.0,0,0.0,0,0,0,0,0,0.0,0.0,0.0,0.0,500,0.0,0.0,0.0,0.0,MUN(A) (4),15,0,False,0.0,0.0,1.1245325394910286,0.0,MUN,COV,CHE,CRY,LEE,0.0,0.0,0.0,0.0,0.0,0.0,0.0,0.0,0.0,0.0,0.0,0.0
Robertson,DEF,TOT,4.4,2.5,17,4,3.4,4.0,5597,12827,366,4,0.98,0,1,0.13,0.43,0.03,0.14,1,0.25,7,0,20,1,68,89.6,123.9,41.0,25.4,502,4.92,1.73,7.05,0.56,MUN(A) (4),15,1,False,2.01342464643649,2.1257548662739443,1.1245325394910286,1.8903453582909002,MUN,COV,CHE,CRY,LEE,1.5581490884033502,1.3580554429406224,2.143331638632272,3.2462931198496263,2.3681133730667754,1.5884821552506168,2.70393655589607,2.1623525482153627,1.5582557899443987,2.386112674466868,10.331786445942866,10.741295940723095
Van de Ven,DEF,TOT,5.0,3.8,16,1,4.0,5.3,5856,19841,360,4,1.0,0,0,0.59,0.05,0.15,0.16,2,0.5,5,0,29,3,69,75.8,8.7,18.0,10.3,503,7.25,0.98,3.91,0.64,MUN(A) (4),15,0,False,1.1282488178006114,2.279040109187267,1.1245325394910286,2.0266555472185597,MUN,COV,CHE,CRY,LEE,0.8731292080185791,1.4559829423732342,1.2010438988722223,3.4803788262209423,1.3270032818507493,1.7030254061654617,1.5151861918433247,2.3182767993489923,0.8731889996217852,2.558171958783744,5.789551580206661,11.515835932892374
Spence,DEF,TOT,4.5,0.2,0,0,0.0,0.0,0,1209,0,0,0.0,0,0,0.0,0.0,0.0,0.0,0,0.0,0,0,0,0,0,0.0,0.0,0.0,0.0,505,0.0,0.0,0.0,0.0,MUN(A) (4),15,0,False,0.0,0.0,1.1245325394910286,0.0,MUN,COV,CHE,CRY,LEE,0.0,0.0,0.0,0.0,0.0,0.0,0.0,0.0,0.0,0.0,0.0,0.0
Udogie,DEF,TOT,4.4,0.3,7,0,2.3,1.7,343,1626,86,1,1.05,0,0,0.0,0.23,0.0,0.24,1,1.05,1,0,4,0,21,9.8,13.5,4.0,2.7,506,4.19,1.22,1.17,0.23,MUN(A) (4),15,0,False,0.49083087368901956,0.30462562017073835,1.1245325394910286,0.2708908897457196,MUN,COV,CHE,CRY,LEE,0.37984420214202913,0.19461250593638335,0.522499484973092,0.4652013600343108,0.577296576732692,0.22763319014367075,0.659163254248964,0.3098701531764453,0.37987021374902397,0.3419355000846355,2.5186737318458015,1.5392527093754458
Phillips,DEF,TOT,4.5,0.0,0,0,0.0,0.0,0,55,0,0,0.0,0,0,0.0,0.0,0.0,0.0,0,0.0,0,0,0,0,0,0.0,0.0,0.0,0.0,507,0.0,0.0,0.0,0.0,MUN(A) (4),15,0,False,0.0,0.0,1.1245325394910286,0.0,MUN,COV,CHE,CRY,LEE,0.0,0.0,0.0,0.0,0.0,0.0,0.0,0.0,0.0,0.0,0.0,0.0
Davies,DEF,TOT,3.9,0.9,0,0,0.0,0.0,7492,3919,0,0,0.0,0,0,0.0,0.0,0.0,0.0,0,0.0,0,0,0,0,0,0.0,0.0,0.0,0.0,508,0.0,0.0,0.0,0.0,MUN(A) (4),15,0,False,0.0,0.0,1.1245325394910286,0.0,MUN,COV,CHE,CRY,LEE,0.0,0.0,0.0,0.0,0.0,0.0,0.0,0.0,0.0,0.0,0.0,0.0
Byfield,DEF,TOT,4.0,0.1,0,0,0.0,0.0,124,248,0,0,0.0,0,0,0.0,0.0,0.0,0.0,0,0.0,0,0,0,0,0,0.0,0.0,0.0,0.0,509,0.0,0.0,0.0,0.0,MUN(A) (4),15,0,False,0.0,0.0,1.1245325394910286,0.0,MUN,COV,CHE,CRY,LEE,0.0,0.0,0.0,0.0,0.0,0.0,0.0,0.0,0.0,0.0,0.0,0.0
Rowswell,DEF,TOT,4.0,0.1,0,0,0.0,0.0,157,342,0,0,0.0,0,0,0.0,0.0,0.0,0.0,0,0.0,0,0,0,0,0,0.0,0.0,0.0,0.0,510,0.0,0.0,0.0,0.0,MUN(A) (4),15,0,False,0.0,0.0,1.1245325394910286,0.0,MUN,COV,CHE,CRY,LEE,0.0,0.0,0.0,0.0,0.0,0.0,0.0,0.0,0.0,0.0,0.0,0.0
Souza,DEF,TOT,4.0,0.2,0,0,0.0,0.0,0,892,0,0,0.0,0,0,0.0,0.0,0.0,0.0,0,0.0,0,0,0,0,0,0.0,0.0,0.0,0.0,511,0.0,0.0,0.0,0.0,MUN(A) (4),15,0,False,0.0,0.0,1.1245325394910286,0.0,MUN,COV,CHE,CRY,LEE,0.0,0.0,0.0,0.0,0.0,0.0,0.0,0.0,0.0,0.0,0.0,0.0
Kudus,MID,TOT,6.5,0.2,7,4,1.8,2.0,2288,1143,123,0,0.0,0,1,0.11,0.42,0.08,0.39,0,0.0,3,0,14,0,49,37.2,48.7,26.0,11.2,512,10.24,1.07,1.46,0.53,MUN(A) (4),15,1,False,1.3852554732143423,1.109234439556174,1.1245325394910286,0.986396036221612,MUN,COV,CHE,CRY,LEE,1.0720215214484625,0.7086432645815353,1.47463273015143,1.6939394972399506,1.6292847199614846,0.8288816086837238,1.860334291580611,1.1283313777127828,1.072094933132381,1.2450910484422026,7.108368196274369,5.604886796660195
Xavi,MID,TOT,5.9,0.0,0,0,0.0,0.0,54,80,0,0,0.0,0,0,0.0,0.0,0.0,0.0,0,0.0,0,0,0,0,0,0.0,0.0,0.0,0.0,513,0.0,0.0,0.0,0.0,MUN(A) (4),15,0,False,0.0,0.0,1.1245325394910286,0.0,MUN,COV,CHE,CRY,LEE,0.0,0.0,0.0,0.0,0.0,0.0,0.0,0.0,0.0,0.0,0.0,0.0
Tel,MID,TOT,5.7,0.2,8,0,2.0,1.3,202,1968,257,3,1.05,0,0,0.21,0.23,0.07,0.15,1,0.35,4,0,13,0,41,21.6,52.7,72.0,14.6,514,4.55,1.94,5.55,0.44,MUN(A) (4),15,0,False,1.7413475666734413,0.8378922718219542,1.1245325394910286,0.7451027359343378,MUN,COV,CHE,CRY,LEE,1.3475940748057194,0.5352941575715285,1.8537000329822046,1.2795661251188937,2.0481066759042172,0.6261196636207307,2.3385495704457733,0.8523176956334316,1.3476863576081544,0.9405154852763509,8.935636711746069,4.233813127220935
Maddison,MID,TOT,6.3,0.4,3,1,1.0,0.7,750,1987,59,0,0.0,0,0,0.06,0.04,0.09,0.15,0,0.0,2,0,11,0,18,21.8,14.5,19.0,5.6,515,16.78,1.57,1.03,0.1,MUN(A) (4),15,0,False,0.43563623442900573,0.7612788830085873,1.1245325394910286,0.6769736368439347,MUN,COV,CHE,CRY,LEE,0.3371301740804604,0.4863490833624354,0.46374366472510825,1.162567913829772,0.512378744528457,0.5688698824187117,0.5850393961503811,0.7743853059885341,0.3371532606447539,0.8545186561114425,2.235445240129161,3.846690841710896
Bentancur,MID,TOT,5.5,0.2,15,4,3.0,4.0,382,727,370,4,0.97,0,0,0.02,0.12,0.0,0.03,2,0.49,6,0,60,0,69,77.4,39.3,8.0,12.6,516,14.59,1.36,5.59,0.14,MUN(A) (4),15,0,False,0.5283999255109159,3.5363098475549286,1.1245325394910286,3.144693215507563,MUN,COV,CHE,CRY,LEE,0.4089181403954777,2.259199737745113,0.5624925075805192,5.400386709637968,0.6214838643922193,2.64252721581404,0.7096167603046144,3.5971920993613047,0.40894614297627535,3.969429345766065,2.711457415649106,17.86873510832449
Odobert,MID,TOT,5.5,0.0,0,0,0.0,0.0,25,14,0,0,0.0,0,0,0.0,0.0,0.0,0.0,0,0.0,0,0,0,0,0,0.0,0.0,0.0,0.0,517,0.0,0.0,0.0,0.0,MUN(A) (4),15,0,False,0.0,0.0,1.1245325394910286,0.0,MUN,COV,CHE,CRY,LEE,0.0,0.0,0.0,0.0,0.0,0.0,0.0,0.0,0.0,0.0,0.0,0.0
P.M.Sarr,MID,TOT,4.9,0.1,0,0,0.0,0.0,0,679,0,0,0.0,0,0,0.0,0.0,0.0,0.0,0,0.0,0,0,0,0,0,0.0,0.0,0.0,0.0,518,0.0,0.0,0.0,0.0,MUN(A) (4),15,0,False,0.0,0.0,1.1245325394910286,0.0,MUN,COV,CHE,CRY,LEE,0.0,0.0,0.0,0.0,0.0,0.0,0.0,0.0,0.0,0.0,0.0,0.0
Gallagher,MID,TOT,5.3,0.2,9,6,3.0,3.0,814,664,134,2,1.34,1,0,0.37,0.12,0.25,0.33,1,0.67,2,0,18,0,48,48.6,12.2,36.0,9.6,519,12.09,1.78,2.65,0.49,MUN(A) (4),15,1,False,1.1595981973343865,1.4376088977730306,1.1245325394910286,1.2784057795461414,MUN,COV,CHE,CRY,LEE,0.897389866210588,0.9184279050305769,1.2344159533591645,2.1954082984438403,1.3638752278869084,1.0742612502375328,1.557286964512449,1.4623592365969378,0.8974513191757495,1.6136840923315154,5.950419331144859,7.264140782640403
Bergvall,MID,TOT,5.3,0.1,3,1,1.0,0.7,107,636,78,1,1.15,0,0,0.06,0.27,0.07,0.38,0,0.0,2,0,13,0,13,11.0,10.8,11.0,2.9,520,15.0,2.55,2.21,0.33,MUN(A) (4),15,0,False,0.6986597380345031,0.6805562197664203,1.1245325394910286,0.6051903309747221,MUN,COV,CHE,CRY,LEE,0.5406788060577775,0.43477876642516705,0.7437375537337348,1.0392943273704316,0.8217369702864741,0.5085494230285635,0.9382678458554641,0.6922728953198544,0.5407158315659577,0.7639092575703628,3.585137007499408,3.4388046697143793
Kulusevski,MID,TOT,6.5,0.0,0,0,0.0,0.0,96,72,0,0,0.0,0,0,0.0,0.0,0.0,0.0,0,0.0,0,0,0,0,0,0.0,0.0,0.0,0.0,521,0.0,0.0,0.0,0.0,MUN(A) (4),15,0,False,0.0,0.0,1.1245325394910286,0.0,MUN,COV,CHE,CRY,LEE,0.0,0.0,0.0,0.0,0.0,0.0,0.0,0.0,0.0,0.0,0.0,0.0
Gray,MID,TOT,4.9,0.2,9,2,2.2,1.7,466,1219,307,3,0.88,0,0,0.23,0.05,0.07,0.08,1,0.29,7,0,27,0,51,28.4,14.6,27.0,7.0,522,7.92,1.79,6.11,0.28,MUN(A) (4),15,0,False,0.771033169733931,1.49589878850188,1.1245325394910286,1.3302405541585611,MUN,COV,CHE,CRY,LEE,0.5966871582087617,0.9556668664125553,0.8207805492251822,2.2844242401368393,0.9068598437774121,1.1178186955118241,1.035462030894414,1.5216526648997286,0.596728019150618,1.679113201429682,3.956517601256388,7.558675668390629
Moore,MID,TOT,5.0,0.1,3,0,1.5,0.0,0,544,89,1,1.01,0,0,0.4,0.02,0.4,0.42,0,0.0,4,0,3,0,11,14.2,6.3,56.0,7.5,523,3.03,3.3,3.26,0.42,MUN(A) (4),15,0,False,1.2253344009967035,0.33014392801299786,1.1245325394910286,0.29358325919356976,MUN,COV,CHE,CRY,LEE,0.9482618002523308,0.21091508033460607,1.3043934841112512,0.5041710025329941,1.4411916465881953,0.24670188770740828,1.6455676580278271,0.33582779244346656,0.9483267369109325,0.370579234477252,6.287741325890536,1.668194997495727
Olusesi,MID,TOT,4.4,1.0,0,0,0.0,0.0,6108,7649,0,0,0.0,0,0,0.0,0.0,0.0,0.0,0,0.0,0,0,0,0,0,0.0,0.0,0.0,0.0,524,0.0,0.0,0.0,0.0,MUN(A) (4),15,0,False,0.0,0.0,1.1245325394910286,0.0,MUN,COV,CHE,CRY,LEE,0.0,0.0,0.0,0.0,0.0,0.0,0.0,0.0,0.0,0.0,0.0,0.0
Fernandes,MID,TOT,5.7,0.8,7,1,1.4,1.3,472,6705,249,3,1.08,0,0,0.19,0.28,0.07,0.17,1,0.36,4,0,21,0,50,24.2,92.6,34.0,14.6,525,7.59,1.6,4.43,0.47,MUN(A) (4),15,0,False,1.6009061174770585,1.1948121079234237,1.1245325394910286,1.0624966961509217,MUN,COV,CHE,CRY,LEE,1.2389092444959837,0.7633152402473005,1.70419724330953,1.8246272827607364,1.882924793103955,0.8928299976753514,2.1499431733217387,1.2153823788419058,1.2389940845967102,1.3411500825209242,8.214968538827918,6.037304982046218
Solanke,FWD,TOT,5.8,0.8,7,2,1.4,1.7,1957,5737,170,2,1.06,0,0,0.56,0.01,0.3,0.31,1,0.53,1,0,9,0,21,8.4,17.5,37.0,6.1,526,4.76,1.36,2.57,0.57,MUN(A) (4),15,0,False,1.2805785937598722,0.4828003708032145,1.1245325394910286,0.4293342823336471,MUN,COV,CHE,CRY,LEE,0.9910141767794874,0.3084408657957462,1.3632020550749395,0.737296452599227,1.5061677617352316,0.3607752642305158,1.7197580641985666,0.49111241782810305,0.9910820411068809,0.5419327046067758,6.571224098895105,2.4395577050603676
Richarlison,FWD,TOT,5.9,0.6,2,0,2.0,0.0,0,5790,67,1,1.34,0,0,0.0,0.0,0.0,0.0,0,0.0,3,0,1,0,6,0.0,2.2,0.0,0.2,527,1.34,4.06,3.02,0.0,MUN(A) (4),15,0,False,0.012294357089545219,0.039790996784565914,1.1245325394910286,0.03538447789387722,MUN,COV,CHE,CRY,LEE,0.009514357205016167,0.025420795511587768,0.01308759410157366,0.06076582071765958,0.014460154487797323,0.02973404381414322,0.016510755256968556,0.04047605142918074,0.009515008745092413,0.04466451107024657,0.06308786979644812,0.20106122254281789
Scarlett,FWD,TOT,4.5,1.1,0,0,0.0,0.0,0,8092,0,0,0.0,0,0,0.0,0.0,0.0,0.0,0,0.0,0,0,0,0,0,0.0,0.0,0.0,0.0,528,0.0,0.0,0.0,0.0,MUN(A) (4),15,0,False,0.0,0.0,1.1245325394910286,0.0,MUN,COV,CHE,CRY,LEE,0.0,0.0,0.0,0.0,0.0,0.0,0.0,0.0,0.0,0.0,0.0,0.0
Mudryk,MID,TOT,5.3,0.0,1,0,1.0,0.3,20,563,16,0,0.0,0,0,0.0,0.0,0.0,0.0,0,0.0,0,0,0,0,3,0.0,0.1,2.0,0.1,578,0.0,0.9,0.16,0.0,MUN(A) (4),15,0,False,0.022506809583128628,0.0,1.1245325394910286,0.0,MUN,COV,CHE,CRY,LEE,0.017417570057507412,0.0,0.023958958260280355,0.0,0.026471652094458238,0.0,0.030225608540216664,0.0,0.01741876280702046,0.0,0.11549255175948311,0.0
Williams-Barnett,MID,TOT,4.5,0.1,0,0,0.0,0.0,168,763,0,0,0.0,0,0,0.0,0.0,0.0,0.0,0,0.0,0,0,0,0,0,0.0,0.0,0.0,0.0,601,0.0,0.0,0.0,0.0,MUN(A) (4),15,0,False,0.0,0.0,1.1245325394910286,0.0,MUN,COV,CHE,CRY,LEE,0.0,0.0,0.0,0.0,0.0,0.0,0.0,0.0,0.0,0.0,0.0,0.0
Danso,DEF,SUN,5.0,0.2,3,0,1.0,1.0,1167,841,270,3,1.0,0,0,0.07,0.17,0.02,0.08,0,0.0,8,0,20,0,7,55.2,32.9,21.0,11.0,501,6.67,1.97,5.91,0.24,BHA(H) (3),15,0,False,0.7839656589372127,1.6151548482824005,1.0347453216852567,1.5609201746878636,BHA,BOU,LEE,COV,CHE,0.8440281751100739,1.1305156810777788,0.754403527819089,1.5797526398868478,0.6067368994010282,1.9702915111877617,0.8345474479888,2.680570722963052,0.922070544949436,1.3116618253841763,3.961786595268427,8.672792380499617
Roefs,GKP,SUN,4.9,2.4,11,0,2.2,1.3,2072,11668,450,5,1.0,0,0,0.0,0.01,0.0,0.0,1,0.2,10,0,0,0,41,73.4,0.0,0.0,7.3,529,0.0,1.73,8.66,0.01,BHA(H) (3),15,0,False,0.016151838155318687,1.089477945365678,1.0347453216852567,1.0528947776166604,BHA,BOU,LEE,COV,CHE,0.017389290369412367,0.7625720238118914,0.015542777347740016,1.065597928347365,0.012500440663779318,1.3290299376948413,0.01719396144356994,1.8081378926403453,0.018997176776849832,0.8847613787952361,0.08162364660135146,5.8500991612896796
Patterson,GKP,SUN,4.0,0.1,0,0,0.0,0.0,0,356,0,0,0.0,0,0,0.0,0.0,0.0,0.0,0,0.0,0,0,0,0,0,0.0,0.0,0.0,0.0,530,0.0,0.0,0.0,0.0,BHA(H) (3),15,0,False,0.0,0.0,1.0347453216852567,0.0,BHA,BOU,LEE,COV,CHE,0.0,0.0,0.0,0.0,0.0,0.0,0.0,0.0,0.0,0.0,0.0,0.0
Ellborg,GKP,SUN,4.4,0.1,0,0,0.0,0.0,136,256,0,0,0.0,0,0,0.0,0.0,0.0,0.0,0,0.0,0,0,0,0,0,0.0,0.0,0.0,0.0,531,0.0,0.0,0.0,0.0,BHA(H) (3),15,0,False,0.0,0.0,1.0347453216852567,0.0,BHA,BOU,LEE,COV,CHE,0.0,0.0,0.0,0.0,0.0,0.0,0.0,0.0,0.0,0.0,0.0,0.0
Ballard,DEF,SUN,4.9,2.5,14,2,2.8,2.0,3602,17236,450,5,1.0,0,0,0.31,0.16,0.06,0.09,1,0.2,10,0,49,0,31,104.2,23.8,35.0,16.3,532,9.8,1.73,8.66,0.47,BHA(H) (3),15,0,False,1.1965642265126968,3.4964019201971857,1.0347453216852567,3.378997562900509,BHA,BOU,LEE,COV,CHE,1.2882374489140644,2.44728064453809,1.1514436422725935,3.4197650890320106,0.9260605492754728,4.265183013499282,1.2737670460522554,5.802757941728737,1.407353263283598,2.8394162515127013,6.046861949797984,18.77440294031082
Mukiele,DEF,SUN,5.4,1.9,13,0,3.2,1.3,5173,8873,360,4,1.0,0,0,0.75,0.28,0.19,0.26,1,0.25,8,0,48,1,44,115.6,48.4,59.0,22.3,533,12.0,1.72,6.86,1.03,BHA(H) (3),15,0,False,2.3888441891413796,3.6258213944912123,1.0347453216852567,3.5040713096300378,BHA,BOU,LEE,COV,CHE,2.5718624006013804,2.537866847639193,2.2987645736185507,3.546347847574435,1.8488053653226224,4.423058954530615,2.542973405740058,6.017547287866514,2.8096675385844887,2.944517371738595,12.0720732838671,19.46933830934935
Hume,DEF,SUN,4.3,2.8,10,1,2.5,0.7,1232,29780,206,2,0.87,0,0,0.14,0.29,0.06,0.19,1,0.44,2,0,13,0,44,32.2,59.0,23.0,11.5,534,5.68,2.0,4.57,0.43,BHA(H) (3),15,0,False,1.2406656228881827,0.9952283238774882,1.0347453216852567,0.9618099285112897,BHA,BOU,LEE,COV,CHE,1.335717616799312,0.6966026988636657,1.1938820432766855,0.9734141426796076,0.9601920755624693,1.2140569186382983,1.3207138827897202,1.651717734981618,1.4592236457747172,0.8082215778625692,6.269729264202904,5.344013073025759
Alderete,DEF,SUN,4.8,0.2,1,0,1.0,0.0,221,1068,23,0,0.0,0,0,0.0,0.01,0.0,0.04,0,0.0,1,0,0,0,2,0.0,0.6,0.0,0.0,535,0.0,0.39,0.1,0.01,BHA(H) (3),15,0,False,0.019504844634285565,0.0,1.0347453216852567,0.0,BHA,BOU,LEE,COV,CHE,0.020999183108095867,0.0,0.018769347144128843,0.0,0.015095443048804521,0.0,0.020763305289453665,0.0,0.02294085527352183,0.0,0.09856813386400473,0.0
Reinildo,DEF,SUN,4.4,0.3,7,0,1.8,0.0,202,1571,360,4,1.0,0,0,0.0,0.32,0.0,0.08,1,0.25,5,0,29,0,37,53.8,36.4,6.0,9.5,536,7.25,1.26,5.05,0.32,BHA(H) (3),15,0,False,0.7861184728707576,1.95249358605314,1.0347453216852567,1.8869315426071955,BHA,BOU,LEE,COV,CHE,0.8463459241019682,1.3666334336823427,0.7564751624725841,1.9096973272932198,0.608403033161016,2.381803541833799,0.8368391623690832,3.2404305686931196,0.9246026026923344,1.5856134808726277,3.972665884796986,10.484178352375109
Seelt,DEF,SUN,4.5,0.0,0,0,0.0,0.0,0,22,0,0,0.0,0,0,0.0,0.0,0.0,0.0,0,0.0,0,0,0,0,0,0.0,0.0,0.0,0.0,537,0.0,0.0,0.0,0.0,BHA(H) (3),15,0,False,0.0,0.0,1.0347453216852567,0.0,BHA,BOU,LEE,COV,CHE,0.0,0.0,0.0,0.0,0.0,0.0,0.0,0.0,0.0,0.0,0.0,0.0
Hjelde,DEF,SUN,4.0,0.0,0,0,0.0,0.0,0,157,0,0,0.0,0,0,0.0,0.0,0.0,0.0,0,0.0,0,0,0,0,0,0.0,0.0,0.0,0.0,538,0.0,0.0,0.0,0.0,BHA(H) (3),15,0,False,0.0,0.0,1.0347453216852567,0.0,BHA,BOU,LEE,COV,CHE,0.0,0.0,0.0,0.0,0.0,0.0,0.0,0.0,0.0,0.0,0.0,0.0
O'Nien,DEF,SUN,3.9,2.5,1,0,1.0,0.0,17838,11712,66,1,1.36,0,0,0.01,0.01,0.01,0.02,0,0.0,1,0,5,0,1,11.4,1.4,4.0,1.7,539,6.82,2.3,1.69,0.02,BHA(H) (3),15,0,False,0.0814534915769553,0.3681654550014226,1.0347453216852567,0.3558029664746909,BHA,BOU,LEE,COV,CHE,0.08769394560629272,0.25769468515842914,0.07838200653092502,0.36009572089768366,0.0630395456247245,0.4491168580358012,0.08670890459344659,0.611021005777046,0.09580249403808726,0.29898592897399273,0.4116268963934761,1.9769141988429526
Masuaku,DEF,SUN,4.0,0.1,0,0,0.0,0.0,0,637,0,0,0.0,0,0,0.0,0.0,0.0,0.0,0,0.0,0,0,0,0,0,0.0,0.0,0.0,0.0,540,0.0,0.0,0.0,0.0,BHA(H) (3),15,0,False,0.0,0.0,1.0347453216852567,0.0,BHA,BOU,LEE,COV,CHE,0.0,0.0,0.0,0.0,0.0,0.0,0.0,0.0,0.0,0.0,0.0,0.0
Meunier,DEF,SUN,4.5,0.3,14,3,2.8,2.3,1648,886,396,5,1.14,0,1,0.34,0.58,0.08,0.21,1,0.23,8,0,20,0,42,70.2,41.4,43.0,15.6,541,4.55,1.35,5.94,0.92,BHA(H) (3),15,1,False,2.10183425032465,1.83780020496476,1.0347453216852567,1.7760894071708324,BHA,BOU,LEE,COV,CHE,2.2628635661035297,1.286354650521626,2.022577335192814,1.7975178840995245,1.62667890048357,2.241891634694882,2.2374454667846266,3.0500811914862838,2.472097381430652,1.492471371459497,10.621662649995192,9.868316732261814
E.Le Fée,MID,SUN,5.7,3.4,18,5,3.6,4.3,11484,24118,438,5,1.03,1,1,2.06,1.34,0.42,0.7,1,0.21,9,0,21,1,90,88.6,137.3,82.0,31.0,542,4.32,1.74,8.46,3.4,BHA(H) (3),15,2,False,6.629389331325421,2.1507028392796865,1.0347453216852567,2.078485202307468,BHA,BOU,LEE,COV,CHE,7.137291430594307,1.5053685333822993,6.379405324485871,2.1035620773929513,5.130703216341756,2.6235946056976944,7.057120277031044,3.5693859761479922,7.797235202501102,1.7465785494365738,33.50175545095408,11.548489742057512
Diarra,MID,SUN,5.3,0.0,5,0,2.5,0.0,20,236,28,0,0.0,0,1,0.03,0.16,0.1,0.61,0,0.0,1,0,0,0,18,15.6,10.9,2.0,2.9,543,0.0,0.39,0.12,0.19,BHA(H) (3),15,1,False,0.38203640058196825,0.23155117094965363,1.0347453216852567,0.2237760017822875,BHA,BOU,LEE,COV,CHE,0.41130562586880426,0.1620725282216009,0.36763039945532366,0.22647585398118386,0.2956705800885048,0.282464128447405,0.4066855473959519,0.38429088726416055,0.4493366617010824,0.18804192791833355,1.9306288145096668,1.2433453258326839
Xhaka,MID,SUN,5.5,3.6,21,2,4.2,2.0,6286,23350,450,5,1.0,0,1,0.06,1.32,0.01,0.27,1,0.2,10,0,54,5,116,93.6,191.1,3.0,28.8,544,10.8,1.73,8.66,1.38,BHA(H) (3),15,1,False,3.3143892905926426,3.538020852064481,1.0347453216852567,3.419218988400179,BHA,BOU,LEE,COV,CHE,3.5683169443105993,2.476411507845544,3.189408802393922,3.460471785084435,2.5651152683247953,4.31595302372464,3.5282350605194397,5.871830260338378,3.8982584307255905,2.87321484624289,16.749334506274348,18.99788142323589
Sadiki,MID,SUN,4.9,0.2,10,2,2.0,1.7,408,1355,410,5,1.1,0,0,0.44,0.24,0.1,0.15,1,0.22,9,0,29,0,75,52.8,59.5,81.0,19.2,545,6.37,1.42,6.47,0.68,BHA(H) (3),15,0,False,2.2066525230298204,1.937650562274316,1.0347453216852567,1.8725869271083309,BHA,BOU,LEE,COV,CHE,2.3757123553597697,1.356244169052753,2.123443073133278,1.895179644345708,1.7078012214126808,2.3636968669333243,2.349026657862921,3.2157965374582376,2.595380641012378,1.573559511134273,11.151363948781027,10.404476728924294
Adingra,MID,SUN,4.9,0.0,0,0,0.0,0.0,0,190,0,0,0.0,0,0,0.0,0.0,0.0,0.0,0,0.0,0,0,0,0,0,0.0,0.0,0.0,0.0,546,0.0,0.0,0.0,0.0,BHA(H) (3),15,0,False,0.0,0.0,1.0347453216852567,0.0,BHA,BOU,LEE,COV,CHE,0.0,0.0,0.0,0.0,0.0,0.0,0.0,0.0,0.0,0.0,0.0,0.0
Mundle,MID,SUN,4.9,0.0,1,0,1.0,0.0,10,55,1,0,0.0,0,0,0.17,0.0,15.3,15.3,0,0.0,0,0,1,0,2,8.0,0.1,17.0,2.5,547,90.0,8.1,0.09,0.17,BHA(H) (3),15,0,False,0.41801098541446013,0.15853518701515754,1.0347453216852567,0.1532117939484436,BHA,BOU,LEE,COV,CHE,0.45003635704352585,0.11096553071293949,0.4022484383962775,0.15506029063930413,0.32351249868490783,0.1933935520378754,0.4449812273433527,0.26311085981893473,0.49164859802466326,0.1287458926981875,2.112427119492727,0.8512761259072412
Rigg,MID,SUN,4.9,0.0,2,0,1.0,0.0,32,231,17,0,0.0,0,0,0.0,0.0,0.0,0.0,0,0.0,1,0,1,0,6,0.0,0.3,0.0,0.0,548,5.29,2.33,0.44,0.0,BHA(H) (3),15,0,False,0.0016765032394834387,0.039790996784565914,1.0347453216852567,0.03845486995752693,BHA,BOU,LEE,COV,CHE,0.0018049463693417488,0.027851413676221085,0.0016132848981944131,0.038918827059209855,0.0012975011925126015,0.048540152834077976,0.0017846719229418625,0.06603860993987803,0.001971839248335998,0.03231413479134979,0.008472243631326624,0.21366313830073674
Talbi,MID,SUN,5.3,0.1,1,0,1.0,0.0,110,571,31,0,0.0,0,0,0.0,0.0,0.0,0.0,0,0.0,1,0,2,0,1,0.0,0.9,0.0,0.0,549,5.81,0.41,0.14,0.0,BHA(H) (3),15,0,False,0.0050295097184503154,0.07958199356913183,1.0347453216852567,0.07690973991505386,BHA,BOU,LEE,COV,CHE,0.005414839108025246,0.05570282735244217,0.004839854694583239,0.07783765411841971,0.003892503577537804,0.09708030566815595,0.005354015768825587,0.13207721987975607,0.005915517745007994,0.06462826958269959,0.02541673089397987,0.4273262766014735
Jocelin.T,MID,SUN,5.0,0.0,0,0,0.0,0.0,32,44,0,0,0.0,0,0,0.0,0.0,0.0,0.0,0,0.0,0,0,0,0,0,0.0,0.0,0.0,0.0,550,0.0,0.0,0.0,0.0,BHA(H) (3),15,0,False,0.0,0.0,1.0347453216852567,0.0,BHA,BOU,LEE,COV,CHE,0.0,0.0,0.0,0.0,0.0,0.0,0.0,0.0,0.0,0.0,0.0,0.0
N.Angulo,MID,SUN,5.0,0.1,16,4,3.2,2.7,511,790,313,5,1.44,1,1,0.6,0.13,0.17,0.21,1,0.29,7,0,24,0,67,72.2,38.3,47.0,15.7,551,6.9,1.31,4.56,0.73,BHA(H) (3),15,2,False,1.7547061706008347,2.0266502396606714,1.0347453216852567,1.9585981179986693,BHA,BOU,LEE,COV,CHE,1.889140716998195,1.4185388344856897,1.688538917867591,1.9822285582313877,1.3580250221081032,2.4722655958321433,1.8679205395684406,3.3635036937155602,2.063818556983031,1.6458358501016057,8.867443753525361,10.882372532366386
Brobbey,FWD,SUN,5.7,6.9,24,17,4.8,6.7,195184,46363,399,5,1.13,3,0,2.94,0.11,0.66,0.68,1,0.23,9,0,11,3,113,108.4,69.0,142.0,31.7,552,2.48,1.85,8.18,3.05,BHA(H) (3),15,3,False,6.1146864633063975,2.0466847422547416,1.0347453216852567,1.9779598896097172,BHA,BOU,LEE,COV,CHE,6.5831552672744165,1.4325618362859665,5.884111104661821,2.0018239291615862,4.732357678250157,2.496705240386313,6.509208566765436,3.396753695199877,7.19186129537777,1.662105802342499,30.9006939123296,10.98995050337624
Isidor,FWD,SUN,5.5,1.3,15,1,3.0,2.0,3318,11635,117,0,0.0,1,1,1.49,0.01,1.15,1.16,0,0.0,3,0,5,3,51,30.8,1.0,35.0,6.7,553,3.85,2.91,3.78,1.5,BHA(H) (3),15,2,False,2.4295509210807573,0.6561201163106073,1.0347453216852567,0.6340885071526638,BHA,BOU,LEE,COV,CHE,2.615687826220233,0.4592464189724713,2.337936317726174,0.6417387700794124,1.8803096487565794,0.80038635110501,2.5863065528858473,1.0889212117337586,2.8575452460765955,0.5328329418980743,12.27778559166543,3.5231256937887263
Methalie,DEF,SUN,4.5,0.0,-1,-1,-1.0,-0.3,114,67,90,1,1.0,0,0,0.03,0.01,0.03,0.04,0,0.0,5,0,3,0,-8,8.0,2.0,2.0,1.2,612,3.0,2.82,2.82,0.04,BHA(H) (3),15,0,False,0.09002256548084593,0.23811718058428938,1.0347453216852567,0.23012153386349746,BHA,BOU,LEE,COV,CHE,0.09691952803714689,0.16666835806538166,0.08662795392612249,0.23289794475772385,0.06967143475394114,0.29047385770603135,0.09583085869512757,0.39518807969869085,0.10588111234770027,0.1933741622808871,0.45493088776003837,1.2786024025087148
Ahoka,MID,SUN,4.5,0.2,0,0,0.0,0.0,594,1608,0,0,0.0,0,0,0.0,0.0,0.0,0.0,0,0.0,0,0,0,0,0,0.0,0.0,0.0,0.0,613,0.0,0.0,0.0,0.0,BHA(H) (3),15,0,False,0.0,0.0,1.0347453216852567,0.0,BHA,BOU,LEE,COV,CHE,0.0,0.0,0.0,0.0,0.0,0.0,0.0,0.0,0.0,0.0,0.0,0.0
Fofana,MID,SUN,5.5,0.0,3,1,1.0,1.0,333,305,60,0,0.0,0,0,0.39,0.01,0.58,0.6,0,0.0,2,0,3,0,11,12.4,2.1,44.0,5.8,646,4.5,4.88,3.25,0.4,BHA(H) (3),15,0,False,1.0404416451713663,0.30342648521111476,1.0347453216852567,0.2932378420585016,BHA,BOU,LEE,COV,CHE,1.1201537376943225,0.2123811224355768,1.0012082017358348,0.29677574972677573,0.8052321305180254,0.37014322726811993,1.1075713710931485,0.503577817132172,1.2237278301855872,0.24641162912964787,5.257893271226918,1.6292895456922925
J.Angulo,FWD,SUN,4.5,0.7,0,0,0.0,0.0,8863,7311,0,0,0.0,0,0,0.0,0.0,0.0,0.0,0,0.0,0,0,0,0,0,0.0,0.0,0.0,0.0,651,0.0,0.0,0.0,0.0,BHA(H) (3),15,0,False,0.0,0.0,1.0347453216852567,0.0,BHA,BOU,LEE,COV,CHE,0.0,0.0,0.0,0.0,0.0,0.0,0.0,0.0,0.0,0.0,0.0,0.0
